algo,dtype,N,mean,median,std,MB
EveryNth,<class 'numpy.float16'>,1000000,0.017395243048667908,0.01622140407562256,0.002887771849364812,2.0
EveryNth,<class 'numpy.float16'>,10000000,0.015540740319660731,0.014984235167503357,0.0014211949696633602,20.0
EveryNth,<class 'numpy.float16'>,20000000,0.015030907733099801,0.014382973313331604,0.001623677823637918,40.0
EveryNth,<class 'numpy.float16'>,50000000,0.0157541994537626,0.01432858407497406,0.0035039591270900365,100.0
EveryNth,<class 'numpy.float16'>,100000000,0.03277377358504704,0.031081587076187134,0.0032147811861815445,200.0
EveryNth,<class 'numpy.float16'>,200000000,0.012494197913578578,0.01190975308418274,0.0014714901721682974,400.0
EveryNth,<class 'numpy.float16'>,500000000,0.020239874720573425,0.01917406916618347,0.0022282995735095536,1000.0
EveryNth,<class 'numpy.float16'>,1000000000,0.01174701111657279,0.011162087321281433,0.001439538076157129,2000.0
EveryNth,<class 'numpy.float16'>,2000000000,0.03325646477086203,0.031701475381851196,0.003989071463647368,4000.0
EveryNth,<class 'numpy.float16'>,5000000000,0.012790997113500322,0.012122094631195068,0.0017011477660975544,10000.0
LTTB [TSD],<class 'numpy.float16'>,1000000,6.990497985056469,6.600801274180412,0.5734136309543215,2.0
LTTB [TSD],<class 'numpy.float16'>,10000000,58.73166264167854,59.95246767997742,2.364117004407714,20.0
LTTB [TSD],<class 'numpy.float16'>,20000000,114.25106999065194,111.88439279794693,5.702345937578796,40.0
LTTB [TSD],<class 'numpy.float16'>,50000000,281.826665731413,278.1134769320488,6.05189227113563,100.0
LTTB [TSD],<class 'numpy.float16'>,100000000,596.7196592794998,575.3968201577663,53.74054020194425,200.0
LTTB [TSD],<class 'numpy.float16'>,200000000,1099.097750868116,1098.4068736433983,2.2856649298644847,400.0
LTTB [TSD],<class 'numpy.float16'>,500000000,2807.9023239335843,2792.2577127814293,69.06829493663095,1000.0
LTTB [TSD],<class 'numpy.float16'>,1000000000,5607.544317362564,5614.581831172109,34.69994659351678,2000.0
LTTB [TSD],<class 'numpy.float16'>,2000000000,11114.762124099901,11112.074536830187,61.81869866449711,4000.0
LTTB [TSD],<class 'numpy.float16'>,5000000000,27588.188168406487,27538.22263069451,164.1072636341611,10000.0
M4,<class 'numpy.float16'>,1000000,0.5163640316043582,0.46705082058906555,0.08145854941371622,2.0
M4,<class 'numpy.float16'>,10000000,2.9926090900387083,2.9383432120084763,0.13455887268086883,20.0
M4,<class 'numpy.float16'>,20000000,5.9779559927327295,6.210270524024963,0.5150696478373539,40.0
M4,<class 'numpy.float16'>,50000000,13.790294368352209,13.422846049070358,1.0118380609077502,100.0
M4,<class 'numpy.float16'>,100000000,24.972018812383926,24.927984923124313,0.10240491715178898,200.0
M4,<class 'numpy.float16'>,200000000,50.10568382484572,49.78122152388096,0.6155119156535342,400.0
M4,<class 'numpy.float16'>,500000000,124.33794497379235,123.70893657207489,1.9818472594676206,1000.0
M4,<class 'numpy.float16'>,1000000000,254.1762256196567,255.1290474832058,2.3567180801107397,2000.0
M4,<class 'numpy.float16'>,2000000000,496.4448884129524,495.9100119769573,2.480985323634328,4000.0
M4,<class 'numpy.float16'>,5000000000,1232.668520190886,1234.2407550662756,8.436204866964585,10000.0
M4 (parallel),<class 'numpy.float16'>,1000000,0.56385908808027,0.4345037043094635,0.23027073897791872,2.0
M4 (parallel),<class 'numpy.float16'>,10000000,0.7221517818314689,0.5913332104682922,0.31815846045443064,20.0
M4 (parallel),<class 'numpy.float16'>,20000000,1.1020104799951826,1.0469600558280945,0.15296582175186826,40.0
M4 (parallel),<class 'numpy.float16'>,50000000,2.845845265047891,2.7746405452489853,0.1321236839865863,100.0
M4 (parallel),<class 'numpy.float16'>,100000000,4.971791271652494,4.943912476301193,0.06764858581100612,200.0
M4 (parallel),<class 'numpy.float16'>,200000000,9.40094238945416,9.345205500721931,0.11182096100115005,400.0
M4 (parallel),<class 'numpy.float16'>,500000000,22.780444685901916,22.722933068871498,0.12305334509401245,1000.0
M4 (parallel),<class 'numpy.float16'>,1000000000,44.764648218240055,44.607217609882355,0.28620571867131434,2000.0
M4 (parallel),<class 'numpy.float16'>,2000000000,88.82708884775639,88.77604156732559,0.1380141501159578,4000.0
M4 (parallel),<class 'numpy.float16'>,5000000000,221.01267240941525,220.99987380206585,0.09626012144149355,10000.0
MinMax,<class 'numpy.float16'>,1000000,0.42622845087732586,0.4291035234928131,0.014475574526050578,2.0
MinMax,<class 'numpy.float16'>,10000000,2.311833788241659,2.306804805994034,0.012115993204886098,20.0
MinMax,<class 'numpy.float16'>,20000000,7.051929192883628,7.080702111124992,0.18018282608147296,40.0
MinMax,<class 'numpy.float16'>,50000000,16.284001991152763,16.183583065867424,0.6378332034964156,100.0
MinMax,<class 'numpy.float16'>,100000000,35.26037037372589,34.48573648929596,1.4149125365578503,200.0
MinMax,<class 'numpy.float16'>,200000000,45.54405835058008,45.469799637794495,0.1943333185136325,400.0
MinMax,<class 'numpy.float16'>,500000000,131.7029181867838,129.0664855390787,8.934269294945835,1000.0
MinMax,<class 'numpy.float16'>,1000000000,250.72996249156338,250.2968400716782,1.851897626996015,2000.0
MinMax,<class 'numpy.float16'>,2000000000,462.6221981431757,462.0872560888529,2.9396307681761877,4000.0
MinMax,<class 'numpy.float16'>,5000000000,1156.1311629733868,1157.6122883707285,5.146935961927016,10000.0
MinMax (parallel),<class 'numpy.float16'>,1000000,0.6862631333725793,0.5520988255739212,0.2343500637750477,2.0
MinMax (parallel),<class 'numpy.float16'>,10000000,0.6372634321451187,0.5607623606920242,0.14014176585122143,20.0
MinMax (parallel),<class 'numpy.float16'>,20000000,1.1607745396239417,1.0375376790761948,0.1909935330261277,40.0
MinMax (parallel),<class 'numpy.float16'>,50000000,2.9745166855198995,3.0009999871253967,0.11846829508651352,100.0
MinMax (parallel),<class 'numpy.float16'>,100000000,5.075781579528536,4.972074180841446,0.24369843086526674,200.0
MinMax (parallel),<class 'numpy.float16'>,200000000,9.547656295554978,9.346798062324524,0.4558204312237979,400.0
MinMax (parallel),<class 'numpy.float16'>,500000000,22.89619046662535,22.81854823231697,0.24685571490714125,1000.0
MinMax (parallel),<class 'numpy.float16'>,1000000000,45.05026367093836,44.92092952132225,0.39662639874105315,2000.0
MinMax (parallel),<class 'numpy.float16'>,2000000000,90.12683491621699,88.74914571642876,3.342238028344551,4000.0
MinMax (parallel),<class 'numpy.float16'>,5000000000,224.08826415027892,221.07476256787777,7.346900620648535,10000.0
MinMaxLTTB,<class 'numpy.float16'>,1000000,1.1732204684189387,1.116511970758438,0.13631822589831033,2.0
MinMaxLTTB,<class 'numpy.float16'>,10000000,4.1335984000137875,4.126419126987457,0.025866105045129133,20.0
MinMaxLTTB,<class 'numpy.float16'>,20000000,6.775550703917231,7.077543810009956,0.586031099134188,40.0
MinMaxLTTB,<class 'numpy.float16'>,50000000,20.1920713697161,20.419274270534515,0.6744170086326552,100.0
MinMaxLTTB,<class 'numpy.float16'>,100000000,25.923110065715655,25.890009477734566,0.27435666186634156,200.0
MinMaxLTTB,<class 'numpy.float16'>,200000000,52.405866022620884,52.326810359954834,0.16923411291452853,400.0
MinMaxLTTB,<class 'numpy.float16'>,500000000,130.41672121201242,129.50700744986534,2.3270023532316864,1000.0
MinMaxLTTB,<class 'numpy.float16'>,1000000000,262.0893440076283,262.8332246094942,2.122986604580097,2000.0
MinMaxLTTB,<class 'numpy.float16'>,2000000000,522.0371468790939,521.365862339735,6.8822089320148,4000.0
MinMaxLTTB,<class 'numpy.float16'>,5000000000,1297.7373264729977,1298.3313415199518,6.584313235648722,10000.0
MinMaxLTTB (parallel),<class 'numpy.float16'>,1000000,0.9183290281466076,0.797693058848381,0.2064676473924029,2.0
MinMaxLTTB (parallel),<class 'numpy.float16'>,10000000,0.9964197874069214,0.8892055600881577,0.2602093157208958,20.0
MinMaxLTTB (parallel),<class 'numpy.float16'>,20000000,1.3819980302027293,1.2886326760053635,0.16587682503644927,40.0
MinMaxLTTB (parallel),<class 'numpy.float16'>,50000000,3.2778695225715637,3.179284557700157,0.2169457704012715,100.0
MinMaxLTTB (parallel),<class 'numpy.float16'>,100000000,5.32276550573962,5.250544473528862,0.12782959052809023,200.0
MinMaxLTTB (parallel),<class 'numpy.float16'>,200000000,9.750609525612422,9.668437764048576,0.15543081124699357,400.0
MinMaxLTTB (parallel),<class 'numpy.float16'>,500000000,23.154172088418687,23.10672216117382,0.14834708542709488,1000.0
MinMaxLTTB (parallel),<class 'numpy.float16'>,1000000000,45.21020171897752,45.05729414522648,0.2527190785401955,2000.0
MinMaxLTTB (parallel),<class 'numpy.float16'>,2000000000,89.01777224881309,88.9752496033907,0.10359680018214973,4000.0
MinMaxLTTB (parallel),<class 'numpy.float16'>,5000000000,221.34358238961016,221.27032577991486,0.12900680211132348,10000.0
EveryNth,<class 'numpy.float32'>,1000000,0.015456069793019975,0.01484900712966919,0.0014704825498294358,4.0
EveryNth,<class 'numpy.float32'>,10000000,0.032443499990871975,0.030904263257980343,0.0028517405484829892,40.0
EveryNth,<class 'numpy.float32'>,20000000,0.03252609499863216,0.03127194941043854,0.0022957339810984437,80.0
EveryNth,<class 'numpy.float32'>,50000000,0.012381428054400853,0.011644884943962097,0.0018648689847299517,200.0
EveryNth,<class 'numpy.float32'>,100000000,0.01837158841746194,0.01762770116329193,0.0018123720631597917,400.0
EveryNth,<class 'numpy.float32'>,200000000,0.03244014722960336,0.031410157680511475,0.002474392079123539,800.0
EveryNth,<class 'numpy.float32'>,500000000,0.011862495115825109,0.011077150702476501,0.0018456457912221784,2000.0
EveryNth,<class 'numpy.float32'>,1000000000,0.01838899084499904,0.01758858561515808,0.001946330527885186,4000.0
EveryNth,<class 'numpy.float32'>,2000000000,0.018694837178502764,0.017884746193885803,0.0019347710474666142,8000.0
EveryNth,<class 'numpy.float32'>,5000000000,0.01798745776925768,0.017252936959266663,0.004714758012805467,20000.0
LTTB [TSD],<class 'numpy.float32'>,1000000,2.5354669030223573,2.414949983358383,0.19895393305004502,4.0
LTTB [TSD],<class 'numpy.float32'>,10000000,19.53630761376449,18.392309546470642,2.1454949210894654,40.0
LTTB [TSD],<class 'numpy.float32'>,20000000,36.725964131099836,35.09013615548611,4.0009578439918565,80.0
LTTB [TSD],<class 'numpy.float32'>,50000000,126.39469717230115,126.80050507187843,15.666363467437703,200.0
LTTB [TSD],<class 'numpy.float32'>,100000000,175.60967834932464,173.7162984907627,4.6852773380873804,400.0
LTTB [TSD],<class 'numpy.float32'>,200000000,347.84596285649707,346.2788086384535,4.800699272956999,800.0
LTTB [TSD],<class 'numpy.float32'>,500000000,1036.9096041257892,1062.0645426213741,54.53942590416632,2000.0
LTTB [TSD],<class 'numpy.float32'>,1000000000,1767.7264739892312,1750.1696668565273,35.80239449445432,4000.0
LTTB [TSD],<class 'numpy.float32'>,2000000000,3505.9957103537663,3492.9424043744802,33.17484234232547,8000.0
LTTB [TSD],<class 'numpy.float32'>,5000000000,8741.156852883953,8744.168360158801,35.91072692123415,20000.0
M4,<class 'numpy.float32'>,1000000,0.46501244817461285,0.4120633006095886,0.07209424422373412,4.0
M4,<class 'numpy.float32'>,10000000,4.025533476046154,4.024268686771393,0.0023816937947433348,40.0
M4,<class 'numpy.float32'>,20000000,8.671268980417933,8.670544251799583,0.005373687678431081,80.0
M4,<class 'numpy.float32'>,50000000,24.12859488810812,24.258901178836823,0.46796539808133325,200.0
M4,<class 'numpy.float32'>,100000000,41.03226145463331,41.265957057476044,0.7307955345604896,400.0
M4,<class 'numpy.float32'>,200000000,83.770331208195,82.96041712164879,1.6380625443423718,800.0
M4,<class 'numpy.float32'>,500000000,223.04398571806294,209.2303927987814,29.97230884578221,2000.0
M4,<class 'numpy.float32'>,1000000000,406.9013294896909,407.5047120451927,5.715643500524651,4000.0
M4,<class 'numpy.float32'>,2000000000,820.9480113216808,829.4896434992552,21.029384807737795,8000.0
M4,<class 'numpy.float32'>,5000000000,2025.3925478884153,2051.5624769032,45.037287492671894,20000.0
M4 (parallel),<class 'numpy.float32'>,1000000,0.32289900950023104,0.2743862569332123,0.11795358314339084,4.0
M4 (parallel),<class 'numpy.float32'>,10000000,0.913899764418602,0.8871275931596756,0.06051260792006955,40.0
M4 (parallel),<class 'numpy.float32'>,20000000,2.1105300102915083,2.0869016647338867,0.08670482537072888,80.0
M4 (parallel),<class 'numpy.float32'>,50000000,4.903605739985194,4.848503693938255,0.10124771774070503,200.0
M4 (parallel),<class 'numpy.float32'>,100000000,9.339829427855355,9.247087687253952,0.16216769492819857,400.0
M4 (parallel),<class 'numpy.float32'>,200000000,18.115626914160593,18.03450882434845,0.1543147942312729,800.0
M4 (parallel),<class 'numpy.float32'>,500000000,44.48364382343633,44.42750997841358,0.122633214155635,2000.0
M4 (parallel),<class 'numpy.float32'>,1000000000,88.76400275954178,88.64346519112587,0.28473215146337455,4000.0
M4 (parallel),<class 'numpy.float32'>,2000000000,176.81483860526765,176.78069435060024,0.11034005175266981,8000.0
M4 (parallel),<class 'numpy.float32'>,5000000000,441.34585117655143,441.16039276123047,0.30947787462267395,20000.0
MinMax,<class 'numpy.float32'>,1000000,0.5385424941778183,0.46087540686130524,0.18932264657467443,4.0
MinMax,<class 'numpy.float32'>,10000000,3.605440099324499,3.5610731691122055,0.10926165922281024,40.0
MinMax,<class 'numpy.float32'>,20000000,8.082518566931997,8.609664067626,0.8930213898581236,80.0
MinMax,<class 'numpy.float32'>,50000000,22.310761043003627,21.989837661385536,1.5069508806661975,200.0
MinMax,<class 'numpy.float32'>,100000000,33.52015135543687,33.404168859124184,0.2372929472305993,400.0
MinMax,<class 'numpy.float32'>,200000000,66.23080362166677,66.17981605231762,0.1459301628048491,800.0
MinMax,<class 'numpy.float32'>,500000000,279.2103227760111,306.65653981268406,45.04144920581897,2000.0
MinMax,<class 'numpy.float32'>,1000000000,344.1770574344056,338.46101202070713,14.135622432309825,4000.0
MinMax,<class 'numpy.float32'>,2000000000,673.0363176869495,673.3007203787565,1.5190146123442096,8000.0
MinMax,<class 'numpy.float32'>,5000000000,1664.3919221524682,1663.5901466012,4.396870608224082,20000.0
MinMax (parallel),<class 'numpy.float32'>,1000000,0.3177087754011154,0.23152343928813934,0.18119089273021435,4.0
MinMax (parallel),<class 'numpy.float32'>,10000000,1.0095807590654917,0.941852480173111,0.18064657633976872,40.0
MinMax (parallel),<class 'numpy.float32'>,20000000,2.1624508712972914,2.126038447022438,0.13558946548010453,80.0
MinMax (parallel),<class 'numpy.float32'>,50000000,5.112944383706365,4.931258410215378,0.2872531064955766,200.0
MinMax (parallel),<class 'numpy.float32'>,100000000,9.44569855928421,9.276824072003365,0.4147367576747121,400.0
MinMax (parallel),<class 'numpy.float32'>,200000000,18.348398538572447,18.05158630013466,0.7104533710591315,800.0
MinMax (parallel),<class 'numpy.float32'>,500000000,44.76614642356123,44.73661780357361,0.21521297720343976,2000.0
MinMax (parallel),<class 'numpy.float32'>,1000000000,90.16765526362828,88.74732330441475,3.3364121420886326,4000.0
MinMax (parallel),<class 'numpy.float32'>,2000000000,179.49988639780454,176.8619142472744,6.547772082607434,8000.0
MinMax (parallel),<class 'numpy.float32'>,5000000000,448.1245727943523,441.37067161500454,16.64783593953811,20000.0
MinMaxLTTB,<class 'numpy.float32'>,1000000,1.1690512831721986,1.1655263602733612,0.008639273341198293,4.0
MinMaxLTTB,<class 'numpy.float32'>,10000000,6.018436274358204,6.292453035712242,0.3827496269881694,40.0
MinMaxLTTB,<class 'numpy.float32'>,20000000,8.286068322403091,8.237380906939507,0.13937106578208414,80.0
MinMaxLTTB,<class 'numpy.float32'>,50000000,24.007035153252737,24.023765698075294,0.19111413836532756,200.0
MinMaxLTTB,<class 'numpy.float32'>,100000000,41.335066886884825,40.39718694984913,1.481478054145795,400.0
MinMaxLTTB,<class 'numpy.float32'>,200000000,85.91320035713059,85.85045970976353,0.1663801254063533,800.0
MinMaxLTTB,<class 'numpy.float32'>,500000000,248.22746004377092,239.60215747356415,25.198956469761498,2000.0
MinMaxLTTB,<class 'numpy.float32'>,1000000000,404.13405783474445,398.3228228986263,12.486002550388477,4000.0
MinMaxLTTB,<class 'numpy.float32'>,2000000000,846.3480477354357,846.0677478462458,7.327348626095387,8000.0
MinMaxLTTB,<class 'numpy.float32'>,5000000000,2127.9833790979214,2117.5769098103046,29.173343731930988,20000.0
MinMaxLTTB (parallel),<class 'numpy.float32'>,1000000,0.6162426833595548,0.5551822483539581,0.13401090119563594,4.0
MinMaxLTTB (parallel),<class 'numpy.float32'>,10000000,1.2279207152979714,1.1459119617938995,0.1858169867904674,40.0
MinMaxLTTB (parallel),<class 'numpy.float32'>,20000000,2.39464778985296,2.383376657962799,0.077060381214551,80.0
MinMaxLTTB (parallel),<class 'numpy.float32'>,50000000,5.164873333913939,5.0773415714502335,0.1368488578848273,200.0
MinMaxLTTB (parallel),<class 'numpy.float32'>,100000000,9.59971770644188,9.556517750024796,0.12229290014516478,400.0
MinMaxLTTB (parallel),<class 'numpy.float32'>,200000000,18.422235175967216,18.371954932808876,0.1532915871145171,800.0
MinMaxLTTB (parallel),<class 'numpy.float32'>,500000000,39.48389690901552,39.39501419663429,0.6281119916255451,2000.0
MinMaxLTTB (parallel),<class 'numpy.float32'>,1000000000,89.18079441147191,89.16616514325142,0.2394090763306374,4000.0
MinMaxLTTB (parallel),<class 'numpy.float32'>,2000000000,177.10788760866438,177.03676037490368,0.17330194106020985,8000.0
MinMaxLTTB (parallel),<class 'numpy.float32'>,5000000000,441.37560028050626,441.403478756547,0.10349078993533013,20000.0
EveryNth,<class 'numpy.float64'>,1000000,0.020837890250342234,0.020511075854301453,0.0010467807354180734,8.0
EveryNth,<class 'numpy.float64'>,10000000,0.01875992332186018,0.017685815691947937,0.0025829461304607984,80.0
EveryNth,<class 'numpy.float64'>,20000000,0.019124469586781094,0.018614530563354492,0.0013045165805851313,160.0
EveryNth,<class 'numpy.float64'>,50000000,0.0129419778074537,0.01175515353679657,0.002182946029483339,400.0
EveryNth,<class 'numpy.float64'>,100000000,0.017832805003438677,0.01707226037979126,0.0014227500317717792,800.0
EveryNth,<class 'numpy.float64'>,200000000,0.019056669303349087,0.017912685871124268,0.0027656568683150353,1600.0
EveryNth,<class 'numpy.float64'>,500000000,0.028344084109578813,0.02640150487422943,0.004804239958030658,4000.0
EveryNth,<class 'numpy.float64'>,1000000000,0.011973242674555098,0.011238828301429749,0.0018304880086179847,8000.0
EveryNth,<class 'numpy.float64'>,2000000000,0.01883943166051592,0.018124282360076904,0.0017564812745164218,16000.0
EveryNth,<class 'numpy.float64'>,5000000000,0.019368369664464678,0.01936778426170349,0.004644984708229215,40000.0
LTTB [TSD],<class 'numpy.float64'>,1000000,2.339197908129011,2.3290250450372696,0.025466563886082417,8.0
LTTB [TSD],<class 'numpy.float64'>,10000000,19.576644897460938,18.24706755578518,2.3760751360336,80.0
LTTB [TSD],<class 'numpy.float64'>,20000000,35.93391935740198,35.8891986310482,0.2110980263332727,160.0
LTTB [TSD],<class 'numpy.float64'>,50000000,102.61120162904263,103.40865850448608,10.087228395887784,400.0
LTTB [TSD],<class 'numpy.float64'>,100000000,199.6464486100844,196.97387628257275,6.46693766827623,800.0
LTTB [TSD],<class 'numpy.float64'>,200000000,403.30934540501664,408.03180672228336,45.103858761543734,1600.0
LTTB [TSD],<class 'numpy.float64'>,500000000,972.5353094616106,970.5215074121952,46.2198420002259,4000.0
LTTB [TSD],<class 'numpy.float64'>,1000000000,1802.729171727385,1804.989704862237,8.770956939478854,8000.0
LTTB [TSD],<class 'numpy.float64'>,2000000000,3642.183891311288,3635.9786339104176,28.510932429200018,16000.0
LTTB [TSD],<class 'numpy.float64'>,5000000000,10105.868702754378,9695.884298160672,908.5023679804186,40000.0
M4,<class 'numpy.float64'>,1000000,0.7377689970391137,0.7327549159526825,0.022425590398569187,8.0
M4,<class 'numpy.float64'>,10000000,8.615455563579287,8.599210157990456,0.15400985897102085,80.0
M4,<class 'numpy.float64'>,20000000,17.41395209516798,17.489393427968025,0.13539966861804933,160.0
M4,<class 'numpy.float64'>,50000000,41.93757474422455,41.869042441248894,0.6316409903807553,400.0
M4,<class 'numpy.float64'>,100000000,85.35586638110024,85.42649075388908,0.8054783559662761,800.0
M4,<class 'numpy.float64'>,200000000,164.0756976391588,163.93277160823345,0.44716467829399165,1600.0
M4,<class 'numpy.float64'>,500000000,393.75869557261467,391.6119232773781,7.707017732772622,4000.0
M4,<class 'numpy.float64'>,1000000000,831.7887053958008,832.1731492877007,7.290043430235427,8000.0
M4,<class 'numpy.float64'>,2000000000,1632.193663077695,1643.013570830226,28.63183736169604,16000.0
M4,<class 'numpy.float64'>,5000000000,4185.428791333522,4180.249696969986,40.111225701520226,40000.0
M4 (parallel),<class 'numpy.float64'>,1000000,0.35979838243552614,0.32510124146938324,0.05465499486462305,8.0
M4 (parallel),<class 'numpy.float64'>,10000000,2.1575542965105603,2.04017274081707,0.17369201891583308,80.0
M4 (parallel),<class 'numpy.float64'>,20000000,3.988849903856005,3.950778022408485,0.1028800925778197,160.0
M4 (parallel),<class 'numpy.float64'>,50000000,9.330343188984054,9.27707925438881,0.0943186231895098,400.0
M4 (parallel),<class 'numpy.float64'>,100000000,18.120608904532023,18.064548447728157,0.13945500137861697,800.0
M4 (parallel),<class 'numpy.float64'>,200000000,35.88162979909352,35.717105865478516,0.305333021142879,1600.0
M4 (parallel),<class 'numpy.float64'>,500000000,88.82757313549519,88.77663761377335,0.18355268510235973,4000.0
M4 (parallel),<class 'numpy.float64'>,1000000000,176.8159335213048,176.73831321299076,0.2020380415105629,8000.0
M4 (parallel),<class 'numpy.float64'>,2000000000,349.57673863640855,349.29705932736397,3.4410589460190617,16000.0
M4 (parallel),<class 'numpy.float64'>,5000000000,876.7978304730995,871.1006354540586,11.153865270611451,40000.0
MinMax,<class 'numpy.float64'>,1000000,0.8307276559727532,0.7480408996343613,0.20283724881847046,8.0
MinMax,<class 'numpy.float64'>,10000000,8.345260471105576,8.799950033426285,0.9327289121904443,80.0
MinMax,<class 'numpy.float64'>,20000000,14.579290204814502,13.279413431882858,1.67695562821224,160.0
MinMax,<class 'numpy.float64'>,50000000,52.16940295483385,49.030742049217224,4.163309154847788,400.0
MinMax,<class 'numpy.float64'>,100000000,83.57105425425938,83.50735232234001,0.20838673598835364,800.0
MinMax,<class 'numpy.float64'>,200000000,132.01464281550474,131.99740946292877,0.11469170804020151,1600.0
MinMax,<class 'numpy.float64'>,500000000,381.7744701568569,382.3429938405752,8.44432325436657,4000.0
MinMax,<class 'numpy.float64'>,1000000000,665.6926805951765,663.8631898909807,4.297992260256389,8000.0
MinMax,<class 'numpy.float64'>,2000000000,1326.310612580606,1325.372775271535,1.177962591654619,16000.0
MinMax,<class 'numpy.float64'>,5000000000,3399.647335548486,3417.5860319286585,45.70205376089443,40000.0
MinMax (parallel),<class 'numpy.float64'>,1000000,0.43292290398052763,0.34218281507492065,0.20836024236478534,8.0
MinMax (parallel),<class 'numpy.float64'>,10000000,2.2416042430060252,2.184883877635002,0.17577570223236752,80.0
MinMax (parallel),<class 'numpy.float64'>,20000000,4.047769095216479,3.948408365249634,0.19261146773992058,160.0
MinMax (parallel),<class 'numpy.float64'>,50000000,9.362711438110896,9.348953142762184,0.12180396019254335,400.0
MinMax (parallel),<class 'numpy.float64'>,100000000,18.141680743013108,18.092765659093857,0.12941586438175837,800.0
MinMax (parallel),<class 'numpy.float64'>,200000000,36.316737106868196,35.741470754146576,1.3600899381110696,1600.0
MinMax (parallel),<class 'numpy.float64'>,500000000,89.19943368860653,88.7705747038126,1.0862317551676344,4000.0
MinMax (parallel),<class 'numpy.float64'>,1000000000,179.5565151210342,176.82299725711346,6.618236899585458,8000.0
MinMax (parallel),<class 'numpy.float64'>,2000000000,358.55499851916517,353.2840631902218,12.918398450972422,16000.0
MinMax (parallel),<class 'numpy.float64'>,5000000000,896.6483869722912,882.6475664973259,32.888068953647846,40000.0
MinMaxLTTB,<class 'numpy.float64'>,1000000,1.6222018216337477,1.5222758054733276,0.2518755841470747,8.0
MinMaxLTTB,<class 'numpy.float64'>,10000000,10.041966981121472,10.513747110962868,0.8259472494916194,80.0
MinMaxLTTB,<class 'numpy.float64'>,20000000,17.877513010587013,18.00885461270809,0.3257059152262894,160.0
MinMaxLTTB,<class 'numpy.float64'>,50000000,43.39095950126648,44.40886303782463,1.8247808167298456,400.0
MinMaxLTTB,<class 'numpy.float64'>,100000000,86.88256974731173,86.06520593166351,1.3485300665744528,800.0
MinMaxLTTB,<class 'numpy.float64'>,200000000,180.82325533032417,173.10750782489777,18.047356573581972,1600.0
MinMaxLTTB,<class 'numpy.float64'>,500000000,421.93341829947065,419.1783681511879,12.096164302813525,4000.0
MinMaxLTTB,<class 'numpy.float64'>,1000000000,822.3134883280311,828.154069930315,16.64387266098875,8000.0
MinMaxLTTB,<class 'numpy.float64'>,2000000000,1719.9831248926264,1720.7859456539154,4.87591590920848,16000.0
MinMaxLTTB,<class 'numpy.float64'>,5000000000,4329.080975055695,4299.346558377147,57.17440463860856,40000.0
MinMaxLTTB (parallel),<class 'numpy.float64'>,1000000,0.5595635622739792,0.5312617868185043,0.07114388623117983,8.0
MinMaxLTTB (parallel),<class 'numpy.float64'>,10000000,2.33846301478999,2.2953324019908905,0.11760947576467821,80.0
MinMaxLTTB (parallel),<class 'numpy.float64'>,20000000,4.29720404957022,4.253323748707771,0.09742440264855724,160.0
MinMaxLTTB (parallel),<class 'numpy.float64'>,50000000,9.955854288169316,9.926396980881691,0.07309476211892821,400.0
MinMaxLTTB (parallel),<class 'numpy.float64'>,100000000,18.42327735253743,18.371735885739326,0.12989220547316255,800.0
MinMaxLTTB (parallel),<class 'numpy.float64'>,200000000,36.67572694165366,36.45179122686386,0.38402159880998854,1600.0
MinMaxLTTB (parallel),<class 'numpy.float64'>,500000000,89.25421482750347,89.13153745234013,0.2612674172518369,4000.0
MinMaxLTTB (parallel),<class 'numpy.float64'>,1000000000,177.31491524193967,177.2640399634838,0.32392515496267066,8000.0
MinMaxLTTB (parallel),<class 'numpy.float64'>,2000000000,341.3499481976032,341.3307059556246,0.12731465687969643,16000.0
MinMaxLTTB (parallel),<class 'numpy.float64'>,5000000000,867.0274242758751,867.0717004686594,0.2954803443376851,40000.0
EveryNth,<class 'numpy.int16'>,1000000,0.02327923263822283,0.02173781394958496,0.003712097139804703,2.0
EveryNth,<class 'numpy.int16'>,10000000,0.015076409493173872,0.014389678835868835,0.0017055094230020455,20.0
EveryNth,<class 'numpy.int16'>,20000000,0.015633287174361094,0.014526396989822388,0.0019893059533348887,40.0
EveryNth,<class 'numpy.int16'>,50000000,0.012992854629244124,0.012498721480369568,0.0012064143598425915,100.0
EveryNth,<class 'numpy.int16'>,100000000,0.021456767405782427,0.020573288202285767,0.0019784966107545296,200.0
EveryNth,<class 'numpy.int16'>,200000000,0.018697232007980347,0.017838552594184875,0.0020484134437774968,400.0
EveryNth,<class 'numpy.int16'>,500000000,0.013062677213123866,0.012152642011642456,0.002238191343510272,1000.0
EveryNth,<class 'numpy.int16'>,1000000000,0.020177502717290605,0.01843571662902832,0.004266573553956778,2000.0
EveryNth,<class 'numpy.int16'>,2000000000,0.011965259909629822,0.011396408081054688,0.0013920006257697691,4000.0
EveryNth,<class 'numpy.int16'>,5000000000,0.01795164176395961,0.017221271991729736,0.0018010314653219316,10000.0
LTTB [TSD],<class 'numpy.int16'>,1000000,3.4419318395001546,3.3439382910728455,0.24035155999558058,2.0
LTTB [TSD],<class 'numpy.int16'>,10000000,28.422885122043745,28.642286360263824,3.998289429371493,20.0
LTTB [TSD],<class 'numpy.int16'>,20000000,49.45720886545522,47.95333705842495,3.7164929087034304,40.0
LTTB [TSD],<class 'numpy.int16'>,50000000,120.56289629212448,119.22647543251514,3.259408417998535,100.0
LTTB [TSD],<class 'numpy.int16'>,100000000,257.3748570999929,253.98431792855263,9.466906587802125,200.0
LTTB [TSD],<class 'numpy.int16'>,200000000,476.4490282429116,475.4638936370611,2.560733590757725,400.0
LTTB [TSD],<class 'numpy.int16'>,500000000,1238.1419217480081,1236.5978471934795,24.64112605702035,1000.0
LTTB [TSD],<class 'numpy.int16'>,1000000000,2427.3531079824484,2417.141469940543,18.369096362939104,2000.0
LTTB [TSD],<class 'numpy.int16'>,2000000000,4814.798235467502,4801.78703032434,38.33570031001986,4000.0
LTTB [TSD],<class 'numpy.int16'>,5000000000,11981.163936161569,11984.445567801595,51.64646080520527,10000.0
M4,<class 'numpy.int16'>,1000000,0.4518922418355942,0.37628747522830963,0.13839455619153385,2.0
M4,<class 'numpy.int16'>,10000000,3.781451072011675,3.7812530994415283,0.039628244806542506,20.0
M4,<class 'numpy.int16'>,20000000,5.471796914935112,5.464733392000198,0.01759004046831044,40.0
M4,<class 'numpy.int16'>,50000000,12.863823239292417,12.819969281554222,0.2045149603860972,100.0
M4,<class 'numpy.int16'>,100000000,28.019887741122925,30.16875348985195,3.855540136573045,200.0
M4,<class 'numpy.int16'>,200000000,46.421138995460105,46.1006760597229,0.5581598329152808,400.0
M4,<class 'numpy.int16'>,500000000,131.28762170672417,134.35485810041428,14.874572628354345,1000.0
M4,<class 'numpy.int16'>,1000000000,231.17044243429388,230.79602234065533,2.092069837240521,2000.0
M4,<class 'numpy.int16'>,2000000000,454.36325296759605,454.9117263406515,3.5160039424599563,4000.0
M4,<class 'numpy.int16'>,5000000000,1132.2897279368979,1132.0158459246159,2.7189325507717985,10000.0
M4 (parallel),<class 'numpy.int16'>,1000000,0.4191099533012935,0.3516077995300293,0.12248444868956777,2.0
M4 (parallel),<class 'numpy.int16'>,10000000,0.5035932042769024,0.4562992602586746,0.10254338165905336,20.0
M4 (parallel),<class 'numpy.int16'>,20000000,1.0023489062275206,0.9644966572523117,0.07950452714340156,40.0
M4 (parallel),<class 'numpy.int16'>,50000000,2.6702641376427243,2.658015489578247,0.09665002691654136,100.0
M4 (parallel),<class 'numpy.int16'>,100000000,4.986197022455079,4.95239645242691,0.09085936434993265,200.0
M4 (parallel),<class 'numpy.int16'>,200000000,9.341533322419439,9.286027401685715,0.11709659126625244,400.0
M4 (parallel),<class 'numpy.int16'>,500000000,22.62240398143019,22.5313201546669,0.16475464880353083,1000.0
M4 (parallel),<class 'numpy.int16'>,1000000000,44.87359401370798,44.80327479541302,0.23360582569932498,2000.0
M4 (parallel),<class 'numpy.int16'>,2000000000,88.73603333319936,88.68819065392017,0.12026957522086172,4000.0
M4 (parallel),<class 'numpy.int16'>,5000000000,220.93179992267065,220.8938855677843,0.14008304533168964,10000.0
MinMax,<class 'numpy.int16'>,1000000,0.5107673683336803,0.4128292202949524,0.17770044036997062,2.0
MinMax,<class 'numpy.int16'>,10000000,2.118474245071411,2.0132966339588165,0.26900673514457774,20.0
MinMax,<class 'numpy.int16'>,20000000,5.331809286560331,5.281127244234085,0.12725969373930665,40.0
MinMax,<class 'numpy.int16'>,50000000,10.205035922782761,10.160907357931137,0.13506733290499892,100.0
MinMax,<class 'numpy.int16'>,100000000,23.587977779763087,23.647738620638847,0.34463712435694865,200.0
MinMax,<class 'numpy.int16'>,200000000,40.05826440240656,39.97175358235836,0.23205648167114554,400.0
MinMax,<class 'numpy.int16'>,500000000,117.17389971017838,116.27144366502762,3.517480664161706,1000.0
MinMax,<class 'numpy.int16'>,1000000000,231.44355160849435,229.1379887610674,7.677944316780538,2000.0
MinMax,<class 'numpy.int16'>,2000000000,403.0861782176154,402.58895717561245,2.3327780849786,4000.0
MinMax,<class 'numpy.int16'>,5000000000,1067.840447809015,1060.8516361564398,15.908923077683978,10000.0
MinMax (parallel),<class 'numpy.int16'>,1000000,0.4930251943213599,0.3738474100828171,0.27776808992972424,2.0
MinMax (parallel),<class 'numpy.int16'>,10000000,0.6046469722475324,0.5028523504734039,0.23406816808394335,20.0
MinMax (parallel),<class 'numpy.int16'>,20000000,1.0402798120464598,0.9670481085777283,0.17899515621196074,40.0
MinMax (parallel),<class 'numpy.int16'>,50000000,2.770063121403967,2.713288366794586,0.19648092278507062,100.0
MinMax (parallel),<class 'numpy.int16'>,100000000,5.073118529149464,5.067955702543259,0.1551046605463177,200.0
MinMax (parallel),<class 'numpy.int16'>,200000000,9.483084508350917,9.30110290646553,0.43267139965003126,400.0
MinMax (parallel),<class 'numpy.int16'>,500000000,24.044656221355712,24.10975731909275,0.2729232949119444,1000.0
MinMax (parallel),<class 'numpy.int16'>,1000000000,44.83090021780559,44.80195604264736,0.14667784582380433,2000.0
MinMax (parallel),<class 'numpy.int16'>,2000000000,90.09243798043046,88.79099935293198,3.234203483410385,4000.0
MinMax (parallel),<class 'numpy.int16'>,5000000000,223.0576282101018,221.0850279778242,4.798185925002199,10000.0
MinMaxLTTB,<class 'numpy.int16'>,1000000,0.90903639793396,0.8602827787399292,0.11929952565621918,2.0
MinMaxLTTB,<class 'numpy.int16'>,10000000,3.520906929458891,3.4133784472942352,0.2649544541791334,20.0
MinMaxLTTB,<class 'numpy.int16'>,20000000,6.230672395655087,6.106295809149742,0.4301750739853651,40.0
MinMaxLTTB,<class 'numpy.int16'>,50000000,13.185470072286469,13.17652314901352,0.28110352244564296,100.0
MinMaxLTTB,<class 'numpy.int16'>,100000000,23.903500235506467,23.87247271835804,0.09759247815583946,200.0
MinMaxLTTB,<class 'numpy.int16'>,200000000,47.24044299551419,46.61860018968582,1.0641703948489474,400.0
MinMaxLTTB,<class 'numpy.int16'>,500000000,115.05846551486424,114.9331521242857,0.9364892392184134,1000.0
MinMaxLTTB,<class 'numpy.int16'>,1000000000,233.49942548998766,232.49311409890652,5.081740893155736,2000.0
MinMaxLTTB,<class 'numpy.int16'>,2000000000,474.40672809524193,473.4553948044777,2.498612406483541,4000.0
MinMaxLTTB,<class 'numpy.int16'>,5000000000,1171.0814843752555,1173.343462869525,5.967855335462848,10000.0
MinMaxLTTB (parallel),<class 'numpy.int16'>,1000000,0.7122859890971865,0.636821985244751,0.17304198615787422,2.0
MinMaxLTTB (parallel),<class 'numpy.int16'>,10000000,0.8030642356191363,0.7351536303758621,0.17662048240631975,20.0
MinMaxLTTB (parallel),<class 'numpy.int16'>,20000000,1.3081126447234834,1.2496158480644226,0.1549055597634506,40.0
MinMaxLTTB (parallel),<class 'numpy.int16'>,50000000,2.970083643283163,2.9381442815065384,0.14249860050071786,100.0
MinMaxLTTB (parallel),<class 'numpy.int16'>,100000000,5.231000110507011,5.204925313591957,0.10602773449129993,200.0
MinMaxLTTB (parallel),<class 'numpy.int16'>,200000000,9.711453903998647,9.656214714050293,0.1196972101232487,400.0
MinMaxLTTB (parallel),<class 'numpy.int16'>,500000000,24.219409269945963,24.14361797273159,0.5807522873080466,1000.0
MinMaxLTTB (parallel),<class 'numpy.int16'>,1000000000,45.096016196267946,44.99993734061718,0.3281558358393116,2000.0
MinMaxLTTB (parallel),<class 'numpy.int16'>,2000000000,88.88427966407367,88.85916210711002,0.14270440201780682,4000.0
MinMaxLTTB (parallel),<class 'numpy.int16'>,5000000000,221.05407432786055,221.0978515446186,0.20817111604934824,10000.0
EveryNth,<class 'numpy.int32'>,1000000,0.026360633117812022,0.02504996955394745,0.003133958326993666,4.0
EveryNth,<class 'numpy.int32'>,10000000,0.02279308225427355,0.02077333629131317,0.004100205740015587,40.0
EveryNth,<class 'numpy.int32'>,20000000,0.01527730907712664,0.014498457312583923,0.0015017339645811006,80.0
EveryNth,<class 'numpy.int32'>,50000000,0.019104193363870894,0.017460063099861145,0.003355750952649563,200.0
EveryNth,<class 'numpy.int32'>,100000000,0.01370438507625035,0.012476742267608643,0.0027651537310319865,400.0
EveryNth,<class 'numpy.int32'>,200000000,0.012954697012901306,0.012323632836341858,0.001599240317343636,800.0
EveryNth,<class 'numpy.int32'>,500000000,0.013529775398118156,0.012478232383728027,0.002529661024879557,2000.0
EveryNth,<class 'numpy.int32'>,1000000000,0.012915687901633126,0.01228339970111847,0.0016418952657764722,4000.0
EveryNth,<class 'numpy.int32'>,2000000000,0.012368283101490565,0.011782348155975342,0.0014846843578478876,8000.0
EveryNth,<class 'numpy.int32'>,5000000000,0.012708189232008798,0.012161582708358765,0.0013576999055407218,20000.0
LTTB [TSD],<class 'numpy.int32'>,1000000,3.486108354159764,3.188425675034523,0.5179774267941689,4.0
LTTB [TSD],<class 'numpy.int32'>,10000000,24.689135647245816,23.794233053922653,2.658739261124971,40.0
LTTB [TSD],<class 'numpy.int32'>,20000000,47.96249940991402,45.85695452988148,5.1052777764719295,80.0
LTTB [TSD],<class 'numpy.int32'>,50000000,120.71841683770928,114.40094746649265,8.354857261838855,200.0
LTTB [TSD],<class 'numpy.int32'>,100000000,231.78308600825923,227.59565897285938,10.060137779025808,400.0
LTTB [TSD],<class 'numpy.int32'>,200000000,476.8381052251373,461.071889847517,24.49722192929954,800.0
LTTB [TSD],<class 'numpy.int32'>,500000000,1178.6925942770072,1171.654362604022,30.022244531376856,2000.0
LTTB [TSD],<class 'numpy.int32'>,1000000000,2300.6422085421427,2297.821059450507,10.223516667933565,4000.0
LTTB [TSD],<class 'numpy.int32'>,2000000000,4594.575951088752,4586.413497105241,23.608764132646467,8000.0
LTTB [TSD],<class 'numpy.int32'>,5000000000,11751.814626316938,11763.053842633963,42.32603060222125,20000.0
M4,<class 'numpy.int32'>,1000000,0.6460208977971759,0.5928777158260345,0.08888588282211697,4.0
M4,<class 'numpy.int32'>,10000000,5.252196426902499,5.359126254916191,0.1574461330861422,40.0
M4,<class 'numpy.int32'>,20000000,8.990091564399856,8.955162018537521,0.10658735221721975,80.0
M4,<class 'numpy.int32'>,50000000,22.013692930340767,21.719831600785255,1.0731144844557226,200.0
M4,<class 'numpy.int32'>,100000000,44.73973682948521,44.571951776742935,0.9380120790784471,400.0
M4,<class 'numpy.int32'>,200000000,91.90740026533604,91.27668477594852,2.8237622298820315,800.0
M4,<class 'numpy.int32'>,500000000,230.65331195081984,230.4727677255869,6.1091026552631895,2000.0
M4,<class 'numpy.int32'>,1000000000,449.87036841256275,452.84702479839325,5.670413391996007,4000.0
M4,<class 'numpy.int32'>,2000000000,908.9867584939514,909.2849049717188,6.330836963055043,8000.0
M4,<class 'numpy.int32'>,5000000000,2667.3527043844974,2664.8965399712324,3.7308069028702238,20000.0
M4 (parallel),<class 'numpy.int32'>,1000000,0.45067061270986286,0.3801535815000534,0.14385041068109672,4.0
M4 (parallel),<class 'numpy.int32'>,10000000,0.9383724204131535,0.9198684245347977,0.037501791330704685,40.0
M4 (parallel),<class 'numpy.int32'>,20000000,2.18203780906541,2.1979693323373795,0.05146830756913602,80.0
M4 (parallel),<class 'numpy.int32'>,50000000,5.041198326008661,5.018358677625656,0.1512592522716308,200.0
M4 (parallel),<class 'numpy.int32'>,100000000,9.823584450142723,9.608199819922447,0.4823316160778308,400.0
M4 (parallel),<class 'numpy.int32'>,200000000,18.300633771078928,18.132153153419495,0.34825685806882084,800.0
M4 (parallel),<class 'numpy.int32'>,500000000,46.03647919637816,46.367981284856796,0.6927729069123291,2000.0
M4 (parallel),<class 'numpy.int32'>,1000000000,88.70378849761826,88.66579942405224,0.10866787586420053,4000.0
M4 (parallel),<class 'numpy.int32'>,2000000000,171.2937599846295,171.21921814978123,0.20613549025576336,8000.0
M4 (parallel),<class 'numpy.int32'>,5000000000,292.9444461528744,294.3077702075243,4.936968230404331,20000.0
MinMax,<class 'numpy.int32'>,1000000,0.7409992494753429,0.640980526804924,0.24562136584633187,4.0
MinMax,<class 'numpy.int32'>,10000000,4.322529158421925,4.253774136304855,0.17960501131434872,40.0
MinMax,<class 'numpy.int32'>,20000000,8.213847875595093,8.15754234790802,0.16082454783046968,80.0
MinMax,<class 'numpy.int32'>,50000000,19.664498737880162,19.631001725792885,0.11571067075394958,200.0
MinMax,<class 'numpy.int32'>,100000000,45.50626575946808,45.46624273061752,0.15956748245791905,400.0
MinMax,<class 'numpy.int32'>,200000000,77.60713829525879,77.5934673845768,0.12376150171792588,800.0
MinMax,<class 'numpy.int32'>,500000000,229.72125677125794,229.4317353516817,11.086482263918368,2000.0
MinMax,<class 'numpy.int32'>,1000000000,391.4857879281044,390.94822965562344,2.104250496494348,4000.0
MinMax,<class 'numpy.int32'>,2000000000,775.577409352575,772.6010799407959,5.008778401210639,8000.0
MinMax,<class 'numpy.int32'>,5000000000,2645.222989044019,2649.5509192347527,50.79750048316699,20000.0
MinMax (parallel),<class 'numpy.int32'>,1000000,0.4429023712873459,0.39672814309597015,0.10363457425700706,4.0
MinMax (parallel),<class 'numpy.int32'>,10000000,1.0634366955075945,1.0071173310279846,0.13771399988944236,40.0
MinMax (parallel),<class 'numpy.int32'>,20000000,2.2870640137365887,2.2474728524684906,0.1574916236074494,80.0
MinMax (parallel),<class 'numpy.int32'>,50000000,5.04826328584126,4.939491301774979,0.26146063726647184,200.0
MinMax (parallel),<class 'numpy.int32'>,100000000,9.362950548529625,9.307695925235748,0.11468184113305065,400.0
MinMax (parallel),<class 'numpy.int32'>,200000000,18.445950533662522,18.148845061659813,0.7366505002035637,800.0
MinMax (parallel),<class 'numpy.int32'>,500000000,45.79550682434014,45.730700716376305,0.16698935368547224,2000.0
MinMax (parallel),<class 'numpy.int32'>,1000000000,90.1084128767252,88.71981874108315,3.3786702895920344,4000.0
MinMax (parallel),<class 'numpy.int32'>,2000000000,179.008631461433,176.78038477897644,6.838967743789231,8000.0
MinMax (parallel),<class 'numpy.int32'>,5000000000,309.52220388821195,312.2170776128769,7.821702842100381,20000.0
MinMaxLTTB,<class 'numpy.int32'>,1000000,1.2969437454427992,1.2832339853048325,0.03373174056004238,4.0
MinMaxLTTB,<class 'numpy.int32'>,10000000,5.103453780923571,5.0535667687654495,0.13008926101435858,40.0
MinMaxLTTB,<class 'numpy.int32'>,20000000,9.907512473208564,9.894352033734322,0.0948445549755221,80.0
MinMaxLTTB,<class 'numpy.int32'>,50000000,27.19874009490013,26.497654616832733,1.4785543390008542,200.0
MinMaxLTTB,<class 'numpy.int32'>,100000000,57.75027296372822,58.248960226774216,2.0694531086136223,400.0
MinMaxLTTB,<class 'numpy.int32'>,200000000,94.89223728222507,94.38345208764076,1.8528524215342523,800.0
MinMaxLTTB,<class 'numpy.int32'>,500000000,274.2852051875421,269.1705610603094,42.44506868586706,2000.0
MinMaxLTTB,<class 'numpy.int32'>,1000000000,468.1352693055357,470.03401033580303,5.067974273493604,4000.0
MinMaxLTTB,<class 'numpy.int32'>,2000000000,952.7808528925691,951.9477386027575,7.146619370228482,8000.0
MinMaxLTTB,<class 'numpy.int32'>,5000000000,2552.956273140652,2541.719863563776,72.15237557396502,20000.0
MinMaxLTTB (parallel),<class 'numpy.int32'>,1000000,0.6757213601044246,0.6330933421850204,0.0988742408786529,4.0
MinMaxLTTB (parallel),<class 'numpy.int32'>,10000000,1.2597433158329554,1.2055229395627975,0.13347769833473655,40.0
MinMaxLTTB (parallel),<class 'numpy.int32'>,20000000,2.5836701904024397,2.496980130672455,0.2136251767488125,80.0
MinMaxLTTB (parallel),<class 'numpy.int32'>,50000000,5.765514128974506,5.826707184314728,0.19247425890960998,200.0
MinMaxLTTB (parallel),<class 'numpy.int32'>,100000000,9.85513978770801,9.779320657253265,0.13429278998756147,400.0
MinMaxLTTB (parallel),<class 'numpy.int32'>,200000000,18.42296091573579,18.359454721212387,0.14184951549850827,800.0
MinMaxLTTB (parallel),<class 'numpy.int32'>,500000000,45.63652165234089,45.727524906396866,0.31244684974273024,2000.0
MinMaxLTTB (parallel),<class 'numpy.int32'>,1000000000,89.08750877848694,89.00426216423512,0.18126413186287585,4000.0
MinMaxLTTB (parallel),<class 'numpy.int32'>,2000000000,169.73616922540324,169.7372678667307,0.10869479984592925,8000.0
MinMaxLTTB (parallel),<class 'numpy.int32'>,5000000000,373.77878448792865,372.46036417782307,3.133651568390607,20000.0
EveryNth,<class 'numpy.int64'>,1000000,0.03314294985362461,0.0309377908706665,0.004144237932234008,8.0
EveryNth,<class 'numpy.int64'>,10000000,0.013318285346031189,0.012446939945220947,0.0016594884955025277,80.0
EveryNth,<class 'numpy.int64'>,20000000,0.01823561532156808,0.017061084508895874,0.003111037550626499,160.0
EveryNth,<class 'numpy.int64'>,50000000,0.024551099964550564,0.02301149070262909,0.003745452485376258,400.0
EveryNth,<class 'numpy.int64'>,100000000,0.03276121403489794,0.031174346804618832,0.0038489180192775962,800.0
EveryNth,<class 'numpy.int64'>,200000000,0.01894554921558925,0.0180758535861969,0.0021496911892335694,1600.0
EveryNth,<class 'numpy.int64'>,500000000,0.02219565212726593,0.021109730005264282,0.002205122803733952,4000.0
EveryNth,<class 'numpy.int64'>,1000000000,0.029657036066055298,0.02846941351890564,0.002882739740320936,8000.0
EveryNth,<class 'numpy.int64'>,2000000000,0.030143399323735918,0.028831511735916138,0.00316076087793332,16000.0
EveryNth,<class 'numpy.int64'>,5000000000,0.019454423870359148,0.01794286072254181,0.0028547816774335973,40000.0
LTTB [TSD],<class 'numpy.int64'>,1000000,3.541244034256254,3.2481763511896133,0.5827127595520325,8.0
LTTB [TSD],<class 'numpy.int64'>,10000000,27.76926580284323,24.630967900156975,4.452428577694491,80.0
LTTB [TSD],<class 'numpy.int64'>,20000000,47.163767527256695,46.97440192103386,0.5238579106911537,160.0
LTTB [TSD],<class 'numpy.int64'>,50000000,156.8308062851429,158.78539495170116,4.79051864816012,400.0
LTTB [TSD],<class 'numpy.int64'>,100000000,271.54489776917865,270.7366369664669,7.108980616631007,800.0
LTTB [TSD],<class 'numpy.int64'>,200000000,487.1411913207599,465.98727963864803,26.888303440004126,1600.0
LTTB [TSD],<class 'numpy.int64'>,500000000,1231.2998893537692,1221.0913270711899,38.93952778260868,4000.0
LTTB [TSD],<class 'numpy.int64'>,1000000000,2405.9994560267246,2408.5959896445274,14.465021957282444,8000.0
LTTB [TSD],<class 'numpy.int64'>,2000000000,4788.7173489800525,4788.510835915804,15.190520110225178,16000.0
LTTB [TSD],<class 'numpy.int64'>,5000000000,13070.519420291695,13009.99313108623,672.0784097110162,40000.0
M4,<class 'numpy.int64'>,1000000,1.5648138842412405,1.5169378370046616,0.11551906266879981,8.0
M4,<class 'numpy.int64'>,10000000,12.95177351151194,13.330147787928581,0.6062419357535155,80.0
M4,<class 'numpy.int64'>,20000000,23.46897588244506,23.4531007707119,0.20121392984974756,160.0
M4,<class 'numpy.int64'>,50000000,56.759496725031305,56.27581737935543,0.6614289452781114,400.0
M4,<class 'numpy.int64'>,100000000,116.55564387994153,116.65690690279007,2.4452500515435642,800.0
M4,<class 'numpy.int64'>,200000000,231.9710327046258,231.94553069770336,0.2046036013088918,1600.0
M4,<class 'numpy.int64'>,500000000,670.3168043068478,651.4089994132519,41.068949998985666,4000.0
M4,<class 'numpy.int64'>,1000000000,1162.8069120326213,1154.8481818288565,26.828496972224016,8000.0
M4,<class 'numpy.int64'>,2000000000,2337.697053008846,2336.3197579979897,11.980556094308577,16000.0
M4,<class 'numpy.int64'>,5000000000,5908.1371563353705,5879.139542207122,60.771193280267106,40000.0
M4 (parallel),<class 'numpy.int64'>,1000000,0.5125096866062709,0.4459075629711151,0.14499160222689927,8.0
M4 (parallel),<class 'numpy.int64'>,10000000,2.2138054349592755,2.196568250656128,0.0889031461217723,80.0
M4 (parallel),<class 'numpy.int64'>,20000000,3.640109034521239,3.665740415453911,0.12297634323425286,160.0
M4 (parallel),<class 'numpy.int64'>,50000000,9.418889507651329,9.340779110789299,0.1352372241444651,400.0
M4 (parallel),<class 'numpy.int64'>,100000000,18.749323008315905,18.50423328578472,0.46712746511761527,800.0
M4 (parallel),<class 'numpy.int64'>,200000000,35.85195190140179,35.80577000975609,0.13210104186003815,1600.0
M4 (parallel),<class 'numpy.int64'>,500000000,89.65020493737289,89.72518816590309,0.22739022158917058,4000.0
M4 (parallel),<class 'numpy.int64'>,1000000000,177.10009536572866,177.19760462641716,0.1768194266101019,8000.0
M4 (parallel),<class 'numpy.int64'>,2000000000,343.70881164712563,342.6800783723593,1.9603426139784244,16000.0
M4 (parallel),<class 'numpy.int64'>,5000000000,879.6247077307531,879.6424109488726,0.114547245809644,40000.0
MinMax,<class 'numpy.int64'>,1000000,1.5540810035807746,1.5462413430213928,0.016774048577199194,8.0
MinMax,<class 'numpy.int64'>,10000000,11.209820423807416,11.153772473335266,0.11464749366893624,80.0
MinMax,<class 'numpy.int64'>,20000000,23.145965646420205,21.95356823503971,2.492871639053508,160.0
MinMax,<class 'numpy.int64'>,50000000,57.877255231142044,58.02564434707165,0.6036270110410904,400.0
MinMax,<class 'numpy.int64'>,100000000,137.99018790679318,139.79308679699898,3.810275221946653,800.0
MinMax,<class 'numpy.int64'>,200000000,216.67286732367106,216.59720577299595,0.17444034509697845,1600.0
MinMax,<class 'numpy.int64'>,500000000,598.1400655316455,588.8669412583113,22.774691341618553,4000.0
MinMax,<class 'numpy.int64'>,1000000000,1116.1741586668152,1114.5821619778872,9.880381553042074,8000.0
MinMax,<class 'numpy.int64'>,2000000000,2200.5704109157837,2199.719515070319,14.068803586707268,16000.0
MinMax,<class 'numpy.int64'>,5000000000,5571.5349660388065,5572.227915376425,41.464782800748445,40000.0
MinMax (parallel),<class 'numpy.int64'>,1000000,0.5765739296163831,0.5676742643117905,0.14124890866632112,8.0
MinMax (parallel),<class 'numpy.int64'>,10000000,2.3322210780211856,2.2823888808488846,0.23522259546595614,80.0
MinMax (parallel),<class 'numpy.int64'>,20000000,4.1129719998155325,4.0442198514938354,0.21219757689347488,160.0
MinMax (parallel),<class 'numpy.int64'>,50000000,9.455836617520877,9.409009292721748,0.14048978262132159,400.0
MinMax (parallel),<class 'numpy.int64'>,100000000,18.298310147864477,18.168852105736732,0.31836310894166936,800.0
MinMax (parallel),<class 'numpy.int64'>,200000000,36.407001476202694,35.84293946623802,1.378773856938375,1600.0
MinMax (parallel),<class 'numpy.int64'>,500000000,91.09621202307088,91.37449972331524,0.6342329421272652,4000.0
MinMax (parallel),<class 'numpy.int64'>,1000000000,179.7180640910353,177.4653922766447,4.791806464454593,8000.0
MinMax (parallel),<class 'numpy.int64'>,2000000000,358.3174273903881,353.45072224736214,13.523559912725318,16000.0
MinMax (parallel),<class 'numpy.int64'>,5000000000,894.060992076993,882.776502892375,26.878048934266978,40000.0
MinMaxLTTB,<class 'numpy.int64'>,1000000,1.8799616822174616,1.8623299896717072,0.04252843001197485,8.0
MinMaxLTTB,<class 'numpy.int64'>,10000000,11.638564776097025,11.550746858119965,0.19051572859260002,80.0
MinMaxLTTB,<class 'numpy.int64'>,20000000,24.324367035712516,24.273179471492767,0.12230622693344982,160.0
MinMaxLTTB,<class 'numpy.int64'>,50000000,61.96488280381475,58.66702385246754,5.197827939714157,400.0
MinMaxLTTB,<class 'numpy.int64'>,100000000,133.73483722763402,134.89853255450726,8.28763362600451,800.0
MinMaxLTTB,<class 'numpy.int64'>,200000000,236.6629251411983,236.77200227975845,0.31311851933962936,1600.0
MinMaxLTTB,<class 'numpy.int64'>,500000000,580.442467172231,578.8100372999907,5.341174624292105,4000.0
MinMaxLTTB,<class 'numpy.int64'>,1000000000,1172.900847398809,1171.3619571179152,13.447898201086323,8000.0
MinMaxLTTB,<class 'numpy.int64'>,2000000000,2344.682142883539,2350.534025579691,22.444372682044992,16000.0
MinMaxLTTB,<class 'numpy.int64'>,5000000000,5889.430933871439,5893.708699941635,41.493446108812094,40000.0
MinMaxLTTB (parallel),<class 'numpy.int64'>,1000000,0.7343902651752744,0.695331022143364,0.08172076010509793,8.0
MinMaxLTTB (parallel),<class 'numpy.int64'>,10000000,2.5137142411300113,2.497849613428116,0.08868437734414131,80.0
MinMaxLTTB (parallel),<class 'numpy.int64'>,20000000,3.93693314066955,3.9298679679632182,0.09701297843946005,160.0
MinMaxLTTB (parallel),<class 'numpy.int64'>,50000000,9.755373213972364,9.707776084542274,0.15084187072578925,400.0
MinMaxLTTB (parallel),<class 'numpy.int64'>,100000000,19.5637473570449,19.29824911057949,0.5998280689975382,800.0
MinMaxLTTB (parallel),<class 'numpy.int64'>,200000000,36.170630529522896,36.058757081627846,0.17741181543682663,1600.0
MinMaxLTTB (parallel),<class 'numpy.int64'>,500000000,89.15588360811982,89.08365666866302,0.14419898045853138,4000.0
MinMaxLTTB (parallel),<class 'numpy.int64'>,1000000000,177.7064047753811,177.52397917211056,0.4573357550868914,8000.0
MinMaxLTTB (parallel),<class 'numpy.int64'>,2000000000,341.88607345734323,341.78495705127716,0.20730281878167992,16000.0
MinMaxLTTB (parallel),<class 'numpy.int64'>,5000000000,880.4072468408516,880.5983942002058,0.7968777958925051,40000.0
EveryNth,<class 'numpy.int8'>,1000000,0.029521914465086802,0.02851225435733795,0.002368695151588565,1.0
EveryNth,<class 'numpy.int8'>,10000000,0.02264135650226048,0.020937994122505188,0.0035404393685360084,10.0
EveryNth,<class 'numpy.int8'>,20000000,0.016722774931362698,0.01582801342010498,0.002273076650437494,20.0
EveryNth,<class 'numpy.int8'>,50000000,0.015990542513983592,0.015170499682426453,0.0020754340718547736,50.0
EveryNth,<class 'numpy.int8'>,100000000,0.013600609132221766,0.012012571096420288,0.0023336385606056004,100.0
EveryNth,<class 'numpy.int8'>,200000000,0.012544808643204826,0.011891871690750122,0.001614673508654266,200.0
EveryNth,<class 'numpy.int8'>,500000000,0.01333302685192653,0.012680143117904663,0.0016594716608102132,500.0
EveryNth,<class 'numpy.int8'>,1000000000,0.01335958284991128,0.01270398497581482,0.0016568458053762528,1000.0
EveryNth,<class 'numpy.int8'>,2000000000,0.013973138162067958,0.01328103244304657,0.0016996854822650094,2000.0
EveryNth,<class 'numpy.int8'>,5000000000,0.021028092929295132,0.02017207443714142,0.0021927145986066093,5000.0
LTTB [TSD],<class 'numpy.int8'>,1000000,3.488666830318315,3.399645909667015,0.2184735972314614,1.0
LTTB [TSD],<class 'numpy.int8'>,10000000,25.170391372271947,24.386674910783768,1.8936910158353366,10.0
LTTB [TSD],<class 'numpy.int8'>,20000000,53.069024852343965,49.26523044705391,5.854320243948319,20.0
LTTB [TSD],<class 'numpy.int8'>,50000000,130.58239759079046,120.99254503846169,16.621575113449325,50.0
LTTB [TSD],<class 'numpy.int8'>,100000000,237.64750292258603,237.541488930583,0.3407555951971631,100.0
LTTB [TSD],<class 'numpy.int8'>,200000000,475.41444147271767,474.97237995266914,0.8263075809874222,200.0
LTTB [TSD],<class 'numpy.int8'>,500000000,1217.2633975212063,1188.500715792179,35.37521129599867,500.0
LTTB [TSD],<class 'numpy.int8'>,1000000000,2375.015409822975,2374.6528655290604,2.542846961521205,1000.0
LTTB [TSD],<class 'numpy.int8'>,2000000000,4854.102023052318,4868.023044615984,57.98883408739857,2000.0
LTTB [TSD],<class 'numpy.int8'>,5000000000,11835.514788223165,11816.522777080536,47.966423662144656,5000.0
M4,<class 'numpy.int8'>,1000000,0.4648026611123766,0.376756489276886,0.14711438748210393,1.0
M4,<class 'numpy.int8'>,10000000,1.9846393061535699,1.98187455534935,0.007406638089422149,10.0
M4,<class 'numpy.int8'>,20000000,3.199669239776475,3.1977705657482147,0.006132875148205595,20.0
M4,<class 'numpy.int8'>,50000000,7.963310661060469,7.663970440626144,0.6684004545194187,50.0
M4,<class 'numpy.int8'>,100000000,18.245628156832286,18.077265471220016,0.39266531351890993,100.0
M4,<class 'numpy.int8'>,200000000,31.879528292587825,31.77708573639393,0.2285854809117709,200.0
M4,<class 'numpy.int8'>,500000000,76.7218356685979,76.35567486286163,0.5448926244955471,500.0
M4,<class 'numpy.int8'>,1000000000,153.44048403203487,151.20831057429314,5.447978390292637,1000.0
M4,<class 'numpy.int8'>,2000000000,303.5329217357295,303.5134043544531,0.12171843136758259,2000.0
M4,<class 'numpy.int8'>,5000000000,774.7096520981619,760.9608232975006,29.357443308345,5000.0
M4 (parallel),<class 'numpy.int8'>,1000000,0.5209629024778094,0.4254162311553955,0.16824463650750912,1.0
M4 (parallel),<class 'numpy.int8'>,10000000,0.5846411521945681,0.510827824473381,0.1478621662925532,10.0
M4 (parallel),<class 'numpy.int8'>,20000000,0.6481681551252093,0.609273836016655,0.07655414769075564,20.0
M4 (parallel),<class 'numpy.int8'>,50000000,1.3484170926468713,1.3468556106090546,0.04009023975341638,50.0
M4 (parallel),<class 'numpy.int8'>,100000000,2.736127536211695,2.6899904012680054,0.13079575798249055,100.0
M4 (parallel),<class 'numpy.int8'>,200000000,5.018338880368641,4.948794841766357,0.15519024394475495,200.0
M4 (parallel),<class 'numpy.int8'>,500000000,11.633644891636711,11.551455035805702,0.15632684213714015,500.0
M4 (parallel),<class 'numpy.int8'>,1000000000,22.681396720664843,22.63043075799942,0.13084425242471975,1000.0
M4 (parallel),<class 'numpy.int8'>,2000000000,44.795127479093416,44.7735745459795,0.11186160456639561,2000.0
M4 (parallel),<class 'numpy.int8'>,5000000000,110.94618551433086,110.91192737221718,0.07357834264295875,5000.0
MinMax,<class 'numpy.int8'>,1000000,0.5079217787299838,0.45532137155532837,0.0893534295410518,1.0
MinMax,<class 'numpy.int8'>,10000000,1.6200288598026549,1.500772312283516,0.28312186455035054,10.0
MinMax,<class 'numpy.int8'>,20000000,3.8270451660667146,3.8027551025152206,0.06511560715908628,20.0
MinMax,<class 'numpy.int8'>,50000000,9.213967302015849,9.634264186024666,0.8354686296315227,50.0
MinMax,<class 'numpy.int8'>,100000000,14.601059311202594,14.493799954652786,0.26665892029001703,100.0
MinMax,<class 'numpy.int8'>,200000000,28.61025296151638,28.615184500813484,0.014737643125084427,200.0
MinMax,<class 'numpy.int8'>,500000000,71.28682881593704,71.34372964501381,0.16586573746470093,500.0
MinMax,<class 'numpy.int8'>,1000000000,142.57967903145723,142.52342619001865,0.4406113340006882,1000.0
MinMax,<class 'numpy.int8'>,2000000000,283.82863173527375,283.9106526225805,0.2607129446035972,2000.0
MinMax,<class 'numpy.int8'>,5000000000,709.0257266270263,709.54230427742,1.020482196431188,5000.0
MinMax (parallel),<class 'numpy.int8'>,1000000,0.5638016653912408,0.4452541470527649,0.2622763495397066,1.0
MinMax (parallel),<class 'numpy.int8'>,10000000,0.590638763138226,0.5235746502876282,0.13344798409170336,10.0
MinMax (parallel),<class 'numpy.int8'>,20000000,0.7195750517504556,0.6247937679290771,0.23024767793278836,20.0
MinMax (parallel),<class 'numpy.int8'>,50000000,1.4602095420871462,1.3876069337129593,0.18846417647560956,50.0
MinMax (parallel),<class 'numpy.int8'>,100000000,2.8468443879059384,2.768261358141899,0.18909288799988175,100.0
MinMax (parallel),<class 'numpy.int8'>,200000000,5.147654988936016,5.01781702041626,0.2879479169452439,200.0
MinMax (parallel),<class 'numpy.int8'>,500000000,11.775114759802818,11.570009961724281,0.5241906599687691,500.0
MinMax (parallel),<class 'numpy.int8'>,1000000000,22.983114847115107,22.613267973065376,0.933294130498882,1000.0
MinMax (parallel),<class 'numpy.int8'>,2000000000,45.44369918959482,44.76734139025211,1.6948152988570329,2000.0
MinMax (parallel),<class 'numpy.int8'>,5000000000,112.73909828492573,111.03555336594582,4.18947980987523,5000.0
MinMaxLTTB,<class 'numpy.int8'>,1000000,0.995517202786037,0.9296808391809464,0.16149035061659622,1.0
MinMaxLTTB,<class 'numpy.int8'>,10000000,2.700345537492207,2.6366248726844788,0.1569426871459457,10.0
MinMaxLTTB,<class 'numpy.int8'>,20000000,4.736606936369624,4.727351665496826,0.02203475596385447,20.0
MinMaxLTTB,<class 'numpy.int8'>,50000000,9.536180379135269,9.498385339975357,0.10900364417851728,50.0
MinMaxLTTB,<class 'numpy.int8'>,100000000,17.599584215453692,17.577364295721054,0.08575917047646896,100.0
MinMaxLTTB,<class 'numpy.int8'>,200000000,31.176677026918956,31.340847909450535,0.28584248714807076,200.0
MinMaxLTTB,<class 'numpy.int8'>,500000000,82.44902874742236,80.3417444229126,3.4297739778386194,500.0
MinMaxLTTB,<class 'numpy.int8'>,1000000000,156.84637001582556,155.96998445689678,2.145969887977991,1000.0
MinMaxLTTB,<class 'numpy.int8'>,2000000000,312.686400488019,313.2875505834818,1.4001586163420683,2000.0
MinMaxLTTB,<class 'numpy.int8'>,5000000000,784.4784926623106,783.0570660531521,3.6228759245708995,5000.0
MinMaxLTTB (parallel),<class 'numpy.int8'>,1000000,0.7886474153825215,0.7399246096611023,0.16814102191832447,1.0
MinMaxLTTB (parallel),<class 'numpy.int8'>,10000000,0.8192779762404305,0.765436515212059,0.1290659411428032,10.0
MinMaxLTTB (parallel),<class 'numpy.int8'>,20000000,0.9539016655513218,0.8880883455276489,0.1830396943639054,20.0
MinMaxLTTB (parallel),<class 'numpy.int8'>,50000000,1.703513360449246,1.6569886356592178,0.10264203372628768,50.0
MinMaxLTTB (parallel),<class 'numpy.int8'>,100000000,3.0557599450860704,3.027202934026718,0.05833733297702445,100.0
MinMaxLTTB (parallel),<class 'numpy.int8'>,200000000,5.246194611702647,5.189407616853714,0.11435324386007956,200.0
MinMaxLTTB (parallel),<class 'numpy.int8'>,500000000,11.882072846804347,11.809007450938225,0.18137834583075033,500.0
MinMaxLTTB (parallel),<class 'numpy.int8'>,1000000000,22.894291686160223,22.833888605237007,0.15848847306916328,1000.0
MinMaxLTTB (parallel),<class 'numpy.int8'>,2000000000,44.94421567235674,44.898441433906555,0.11943314603232404,2000.0
MinMaxLTTB (parallel),<class 'numpy.int8'>,5000000000,111.15319563874176,111.10226958990097,0.12690584795129844,5000.0
EveryNth,<class 'numpy.uint16'>,1000000,0.01566968858242035,0.015240535140037537,0.001063037326003905,2.0
EveryNth,<class 'numpy.uint16'>,10000000,0.012551673821040563,0.012050196528434753,0.001259086673009327,20.0
EveryNth,<class 'numpy.uint16'>,20000000,0.021575018763542175,0.020812079310417175,0.0013455454173792042,40.0
EveryNth,<class 'numpy.uint16'>,50000000,0.020293944648333957,0.019802525639533997,0.0012152401951849657,100.0
EveryNth,<class 'numpy.uint16'>,100000000,0.012905736054692949,0.012124702334403992,0.0019324775891651218,200.0
EveryNth,<class 'numpy.uint16'>,200000000,0.013625515358788627,0.013099238276481628,0.001281696596646351,400.0
EveryNth,<class 'numpy.uint16'>,500000000,0.01993370907647269,0.018936023116111755,0.0024745285637848935,1000.0
EveryNth,<class 'numpy.uint16'>,1000000000,0.013641853417669023,0.013080984354019165,0.0013744652126262318,2000.0
EveryNth,<class 'numpy.uint16'>,2000000000,0.0135658574955804,0.012884661555290222,0.0016624838387787975,4000.0
EveryNth,<class 'numpy.uint16'>,5000000000,0.013971594827515739,0.013081729412078857,0.0022064812603114505,10000.0
LTTB [TSD],<class 'numpy.uint16'>,1000000,3.3167979014771327,3.293721005320549,0.05572930925805099,2.0
LTTB [TSD],<class 'numpy.uint16'>,10000000,27.754866597907885,24.857980012893677,3.379472069335597,20.0
LTTB [TSD],<class 'numpy.uint16'>,20000000,61.388409829565454,65.11194370687008,6.432043565878586,40.0
LTTB [TSD],<class 'numpy.uint16'>,50000000,122.24829819585595,120.42153887450695,3.076101443176661,100.0
LTTB [TSD],<class 'numpy.uint16'>,100000000,303.64250003227164,317.3029784113169,20.704527664187303,200.0
LTTB [TSD],<class 'numpy.uint16'>,200000000,511.2805581518582,522.5333649665117,29.22423014334995,400.0
LTTB [TSD],<class 'numpy.uint16'>,500000000,1199.9180250934191,1194.010290503502,7.664353749017995,1000.0
LTTB [TSD],<class 'numpy.uint16'>,1000000000,2395.3664533793926,2392.4828466027975,7.23044434598567,2000.0
LTTB [TSD],<class 'numpy.uint16'>,2000000000,4820.15521547624,4818.38479526341,41.12905649138357,4000.0
LTTB [TSD],<class 'numpy.uint16'>,5000000000,12099.219198631388,12088.3934289217,82.95794556049346,10000.0
M4,<class 'numpy.uint16'>,1000000,0.524475212608065,0.5190350115299225,0.008470323932168466,2.0
M4,<class 'numpy.uint16'>,10000000,2.654802586351122,2.561277896165848,0.2292788397884296,20.0
M4,<class 'numpy.uint16'>,20000000,5.060967590127673,5.3661394864320755,0.3599006832373688,40.0
M4,<class 'numpy.uint16'>,50000000,11.965348890849523,11.96223758161068,0.005377364475230387,100.0
M4,<class 'numpy.uint16'>,100000000,24.408776313066483,24.30894710123539,0.5212763744817553,200.0
M4,<class 'numpy.uint16'>,200000000,47.330162301659584,47.23490588366985,0.6470288040586468,400.0
M4,<class 'numpy.uint16'>,500000000,154.81260535972459,164.6208930760622,13.358770505855654,1000.0
M4,<class 'numpy.uint16'>,1000000000,239.21219020017557,239.2077151685953,1.2739015663062943,2000.0
M4,<class 'numpy.uint16'>,2000000000,642.0225147690091,657.9495895653963,34.29856999718893,4000.0
M4,<class 'numpy.uint16'>,5000000000,1192.1817270240613,1195.7975208759308,21.304047275508275,10000.0
M4 (parallel),<class 'numpy.uint16'>,1000000,0.3862529993057251,0.33956319093704224,0.09173488482091373,2.0
M4 (parallel),<class 'numpy.uint16'>,10000000,0.5193502243076052,0.45127682387828827,0.13421865568836372,20.0
M4 (parallel),<class 'numpy.uint16'>,20000000,0.9294788752283368,0.8918020874261856,0.056029222754515336,40.0
M4 (parallel),<class 'numpy.uint16'>,50000000,2.610379084944725,2.577195316553116,0.10731156394081254,100.0
M4 (parallel),<class 'numpy.uint16'>,100000000,4.838992655277252,4.879724606871605,0.18178713462942678,200.0
M4 (parallel),<class 'numpy.uint16'>,200000000,9.263038103069578,9.216737747192383,0.09245859376120817,400.0
M4 (parallel),<class 'numpy.uint16'>,500000000,22.580271267465182,22.477083653211594,0.2692828473915493,1000.0
M4 (parallel),<class 'numpy.uint16'>,1000000000,44.567633845976424,44.51788030564785,0.12347461476700587,2000.0
M4 (parallel),<class 'numpy.uint16'>,2000000000,88.8018859816449,88.71567472815514,0.25998837384456913,4000.0
M4 (parallel),<class 'numpy.uint16'>,5000000000,221.07847641621316,221.02948985993862,0.17948614461700174,10000.0
MinMax,<class 'numpy.uint16'>,1000000,0.3938813294683184,0.37369318306446075,0.028121458186024146,2.0
MinMax,<class 'numpy.uint16'>,10000000,2.024938857981137,2.0219307392835617,0.017061120805214255,20.0
MinMax,<class 'numpy.uint16'>,20000000,4.294470005801746,4.2017824947834015,0.24271354077067145,40.0
MinMax,<class 'numpy.uint16'>,50000000,10.66793788756643,10.468313097953796,0.26817784819692725,100.0
MinMax,<class 'numpy.uint16'>,100000000,25.771713043962205,20.948272198438644,5.9979007686935,200.0
MinMax,<class 'numpy.uint16'>,200000000,40.41869986270155,40.328382700681686,0.18769718125409032,400.0
MinMax,<class 'numpy.uint16'>,500000000,102.6411368378571,102.59123556315899,0.128833942402877,1000.0
MinMax,<class 'numpy.uint16'>,1000000000,202.8040717222861,202.76263169944286,0.11680603805394492,2000.0
MinMax,<class 'numpy.uint16'>,2000000000,410.29315878238,407.9905077815056,3.144841149599446,4000.0
MinMax,<class 'numpy.uint16'>,5000000000,1021.5474796614477,1008.8294573128222,30.98823382199919,10000.0
MinMax (parallel),<class 'numpy.uint16'>,1000000,0.4248752125671932,0.3490965813398361,0.13475095177226404,2.0
MinMax (parallel),<class 'numpy.uint16'>,10000000,0.4988530916827066,0.44707581400871277,0.11000757395003229,20.0
MinMax (parallel),<class 'numpy.uint16'>,20000000,1.00710429251194,0.9330973029136658,0.16647000041660276,40.0
MinMax (parallel),<class 'numpy.uint16'>,50000000,2.657472395471164,2.64531746506691,0.1545067802491245,100.0
MinMax (parallel),<class 'numpy.uint16'>,100000000,4.919595750314849,4.824603721499443,0.24697097775599267,200.0
MinMax (parallel),<class 'numpy.uint16'>,200000000,9.431597803320203,9.255878254771233,0.4117904206731278,400.0
MinMax (parallel),<class 'numpy.uint16'>,500000000,22.917899915150233,22.55851700901985,0.874900828671467,1000.0
MinMax (parallel),<class 'numpy.uint16'>,1000000000,45.40440221982343,44.69757601618767,1.6452813519665876,2000.0
MinMax (parallel),<class 'numpy.uint16'>,2000000000,90.15889471130711,88.82116042077541,3.390650218818756,4000.0
MinMax (parallel),<class 'numpy.uint16'>,5000000000,224.5561435286488,221.16232067346573,8.31630112274362,10000.0
MinMaxLTTB,<class 'numpy.uint16'>,1000000,0.8074799286467689,0.8057910948991776,0.00440691068415989,2.0
MinMaxLTTB,<class 'numpy.uint16'>,10000000,3.2123000494071414,3.224838525056839,0.08084252470725985,20.0
MinMaxLTTB,<class 'numpy.uint16'>,20000000,7.090899986880166,7.087275013327599,0.0110706873334531,40.0
MinMaxLTTB,<class 'numpy.uint16'>,50000000,12.539432623556682,12.550530955195427,0.02688927511800908,100.0
MinMaxLTTB,<class 'numpy.uint16'>,100000000,24.923028637255943,24.79330822825432,0.25618130229822184,200.0
MinMaxLTTB,<class 'numpy.uint16'>,200000000,49.58461938159807,49.50133189558983,0.25590180198389406,400.0
MinMaxLTTB,<class 'numpy.uint16'>,500000000,119.96575764247349,119.92278918623924,0.15347026340246242,1000.0
MinMaxLTTB,<class 'numpy.uint16'>,1000000000,239.81884217688017,238.72558511793613,2.4728046697383106,2000.0
MinMaxLTTB,<class 'numpy.uint16'>,2000000000,483.3798589983157,478.25796641409397,12.927348557180071,4000.0
MinMaxLTTB,<class 'numpy.uint16'>,5000000000,1196.0678891944033,1194.7948083281517,4.175459529828466,10000.0
MinMaxLTTB (parallel),<class 'numpy.uint16'>,1000000,0.6007952349526542,0.551031157374382,0.11039246360127516,2.0
MinMaxLTTB (parallel),<class 'numpy.uint16'>,10000000,0.6808573646204812,0.6196700036525726,0.12926815347517803,20.0
MinMaxLTTB (parallel),<class 'numpy.uint16'>,20000000,1.196327113679477,1.1777494102716446,0.07857988179044287,40.0
MinMaxLTTB (parallel),<class 'numpy.uint16'>,50000000,2.8282142111233304,2.8160460293293,0.0776315797306815,100.0
MinMaxLTTB (parallel),<class 'numpy.uint16'>,100000000,4.961198142596653,4.89465519785881,0.10016177895350109,200.0
MinMaxLTTB (parallel),<class 'numpy.uint16'>,200000000,9.544745566589492,9.46151576936245,0.17530064443727095,400.0
MinMaxLTTB (parallel),<class 'numpy.uint16'>,500000000,22.774853823440417,22.703706473112106,0.1619632171100847,1000.0
MinMaxLTTB (parallel),<class 'numpy.uint16'>,1000000000,44.776221950139316,44.73503530025482,0.11640116135933404,2000.0
MinMaxLTTB (parallel),<class 'numpy.uint16'>,2000000000,88.88328836432525,88.84322009980679,0.11744270802181345,4000.0
MinMaxLTTB (parallel),<class 'numpy.uint16'>,5000000000,221.3292201182672,221.26959301531315,0.11552241293491505,10000.0
EveryNth,<class 'numpy.uint32'>,1000000,0.017111429146357944,0.016521289944648743,0.0016300706385839379,4.0
EveryNth,<class 'numpy.uint32'>,10000000,0.016491647277559553,0.015309825539588928,0.0028949907952561045,40.0
EveryNth,<class 'numpy.uint32'>,20000000,0.013220735958644323,0.012528523802757263,0.0014078703022017355,80.0
EveryNth,<class 'numpy.uint32'>,50000000,0.01863581793648856,0.017834454774856567,0.00196156693440919,200.0
EveryNth,<class 'numpy.uint32'>,100000000,0.013217649289539881,0.012617558240890503,0.0015033383224789237,400.0
EveryNth,<class 'numpy.uint32'>,200000000,0.013897355113710676,0.01264326274394989,0.0030774802849072116,800.0
EveryNth,<class 'numpy.uint32'>,500000000,0.014060682484081813,0.013115257024765015,0.0023080718803071133,2000.0
EveryNth,<class 'numpy.uint32'>,1000000000,0.013492948242596217,0.012872740626335144,0.0015512096076960738,4000.0
EveryNth,<class 'numpy.uint32'>,2000000000,0.013566442898341588,0.012947991490364075,0.0015108232046348244,8000.0
EveryNth,<class 'numpy.uint32'>,5000000000,0.0182594039610454,0.01771487295627594,0.0013102367442510583,20000.0
LTTB [TSD],<class 'numpy.uint32'>,1000000,3.3396837434598377,3.2998669892549515,0.16616984144284616,4.0
LTTB [TSD],<class 'numpy.uint32'>,10000000,26.894061427031243,25.019028037786484,3.2709627468978506,40.0
LTTB [TSD],<class 'numpy.uint32'>,20000000,49.47805739939213,49.20756556093693,0.7978096405015792,80.0
LTTB [TSD],<class 'numpy.uint32'>,50000000,136.12775962267602,128.24012003839016,17.186796882395434,200.0
LTTB [TSD],<class 'numpy.uint32'>,100000000,244.65144925883837,240.2187615633011,9.53382471030369,400.0
LTTB [TSD],<class 'numpy.uint32'>,200000000,499.279085919261,480.7265814393759,30.3009292038727,800.0
LTTB [TSD],<class 'numpy.uint32'>,500000000,1200.002785133464,1199.574687704444,0.9798974577454256,2000.0
LTTB [TSD],<class 'numpy.uint32'>,1000000000,2405.7034012994595,2402.569141238928,11.16634914514158,4000.0
LTTB [TSD],<class 'numpy.uint32'>,2000000000,4800.2765386764495,4799.114308878779,17.107609068434623,8000.0
LTTB [TSD],<class 'numpy.uint32'>,5000000000,12135.477280936071,12085.241360217333,140.382603187056,20000.0
M4,<class 'numpy.uint32'>,1000000,0.5816431449992316,0.5802199244499207,0.0032770538414860105,4.0
M4,<class 'numpy.uint32'>,10000000,6.119684502482414,5.975649505853653,0.23050346710360264,40.0
M4,<class 'numpy.uint32'>,20000000,10.58659702539444,10.4985311627388,0.16556267231311608,80.0
M4,<class 'numpy.uint32'>,50000000,23.722108506730624,23.72140921652317,0.029406755638657498,200.0
M4,<class 'numpy.uint32'>,100000000,47.0471629606826,47.354380786418915,0.7343109331933501,400.0
M4,<class 'numpy.uint32'>,200000000,94.16859368128436,93.44321489334106,1.1737462540884125,800.0
M4,<class 'numpy.uint32'>,500000000,310.30451639422347,328.2882831990719,30.665691330311773,2000.0
M4,<class 'numpy.uint32'>,1000000000,492.34743224722996,468.04139874875546,57.68937496095259,4000.0
M4,<class 'numpy.uint32'>,2000000000,948.1376609099763,925.6782025098801,36.40596093081242,8000.0
M4,<class 'numpy.uint32'>,5000000000,2374.4962947177037,2360.515396296978,29.50793757665263,20000.0
M4 (parallel),<class 'numpy.uint32'>,1000000,0.3883020154067448,0.3439556807279587,0.06913389204537734,4.0
M4 (parallel),<class 'numpy.uint32'>,10000000,0.9669969124453408,0.9204477071762085,0.10323042491832472,40.0
M4 (parallel),<class 'numpy.uint32'>,20000000,2.1484789039407457,2.0852621644735336,0.12547013493736367,80.0
M4 (parallel),<class 'numpy.uint32'>,50000000,4.962974201355662,4.89044263958931,0.1434722661400085,200.0
M4 (parallel),<class 'numpy.uint32'>,100000000,9.356834313699178,9.311819449067116,0.09102673371531272,400.0
M4 (parallel),<class 'numpy.uint32'>,200000000,18.170966367636407,18.11867170035839,0.13116416317041504,800.0
M4 (parallel),<class 'numpy.uint32'>,500000000,44.73011642694473,44.648219272494316,0.2533458885646113,2000.0
M4 (parallel),<class 'numpy.uint32'>,1000000000,88.735506311059,88.71724978089333,0.11987098826894989,4000.0
M4 (parallel),<class 'numpy.uint32'>,2000000000,176.80308228092534,176.70675702393055,0.16046535097857578,8000.0
M4 (parallel),<class 'numpy.uint32'>,5000000000,441.2614969802754,441.1920063197613,0.14099992109526915,20000.0
MinMax,<class 'numpy.uint32'>,1000000,0.7884033556495395,0.6172657012939453,0.27620995588313,4.0
MinMax,<class 'numpy.uint32'>,10000000,4.391046507017953,4.3341014534235,0.08099675098677524,40.0
MinMax,<class 'numpy.uint32'>,20000000,8.211831482393402,8.164574205875397,0.13468129472646492,80.0
MinMax,<class 'numpy.uint32'>,50000000,21.523945459297725,20.347344502806664,2.0205298683888584,200.0
MinMax,<class 'numpy.uint32'>,100000000,42.44601678635393,40.29396027326584,3.971530671786853,400.0
MinMax,<class 'numpy.uint32'>,200000000,80.91311555887971,80.89844174683094,0.056157989273289056,800.0
MinMax,<class 'numpy.uint32'>,500000000,202.25294966782843,202.13606655597687,0.6677560833014665,2000.0
MinMax,<class 'numpy.uint32'>,1000000000,399.7761666242565,399.5570130646229,0.5367223447267964,4000.0
MinMax,<class 'numpy.uint32'>,2000000000,789.0804467456682,787.2317690402269,3.793740667179536,8000.0
MinMax,<class 'numpy.uint32'>,5000000000,2000.8029150111336,1997.4128112196922,6.147115743332247,20000.0
MinMax (parallel),<class 'numpy.uint32'>,1000000,0.41174042437757763,0.3636907786130905,0.11791084046061057,4.0
MinMax (parallel),<class 'numpy.uint32'>,10000000,0.996361140693937,0.931849330663681,0.15580628916139566,40.0
MinMax (parallel),<class 'numpy.uint32'>,20000000,2.2400472845349992,2.188801020383835,0.16275124820440234,80.0
MinMax (parallel),<class 'numpy.uint32'>,50000000,4.990878488336291,4.926758632063866,0.24606447880677068,200.0
MinMax (parallel),<class 'numpy.uint32'>,100000000,9.450179764202662,9.27339792251587,0.4220463993598165,400.0
MinMax (parallel),<class 'numpy.uint32'>,200000000,18.38818054114069,18.091867864131927,0.728091962062428,800.0
MinMax (parallel),<class 'numpy.uint32'>,500000000,45.37467972508499,44.65765357017517,1.721250018395389,2000.0
MinMax (parallel),<class 'numpy.uint32'>,1000000000,90.21711961499282,88.9114111661911,3.2275110877278204,4000.0
MinMax (parallel),<class 'numpy.uint32'>,2000000000,179.6556439782892,176.9939076155424,6.542664111686419,8000.0
MinMax (parallel),<class 'numpy.uint32'>,5000000000,448.3874657324382,441.64053574204445,16.57017485642642,20000.0
MinMaxLTTB,<class 'numpy.uint32'>,1000000,1.187574863433838,1.1462319642305374,0.10066154421927101,4.0
MinMaxLTTB,<class 'numpy.uint32'>,10000000,8.909241908362933,8.882932737469673,0.06834322525031777,40.0
MinMaxLTTB,<class 'numpy.uint32'>,20000000,11.795962495463234,11.739443615078926,0.14139366821485286,80.0
MinMaxLTTB,<class 'numpy.uint32'>,50000000,26.69165719832693,26.452112197875977,0.39969388396840877,200.0
MinMaxLTTB,<class 'numpy.uint32'>,100000000,47.81802679811205,48.17201793193817,0.8810209240014492,400.0
MinMaxLTTB,<class 'numpy.uint32'>,200000000,95.3928351934467,95.32006941735744,0.2705474424926297,800.0
MinMaxLTTB,<class 'numpy.uint32'>,500000000,236.91966709281718,236.41488552093506,1.24682906064823,2000.0
MinMaxLTTB,<class 'numpy.uint32'>,1000000000,477.24054205630506,475.7009632885456,3.2332832881608433,4000.0
MinMaxLTTB,<class 'numpy.uint32'>,2000000000,949.6727362807308,948.083071410656,3.851315073647028,8000.0
MinMaxLTTB,<class 'numpy.uint32'>,5000000000,2435.579320841602,2424.91323761642,53.5324837766265,20000.0
MinMaxLTTB (parallel),<class 'numpy.uint32'>,1000000,0.6293843899454389,0.5712974816560745,0.12389248589885136,4.0
MinMaxLTTB (parallel),<class 'numpy.uint32'>,10000000,1.208312756248883,1.1559531092643738,0.10615442937858179,40.0
MinMaxLTTB (parallel),<class 'numpy.uint32'>,20000000,2.415322246296065,2.3631859570741653,0.11683065628495841,80.0
MinMaxLTTB (parallel),<class 'numpy.uint32'>,50000000,5.216817078845842,5.175540596246719,0.1471755955402425,200.0
MinMaxLTTB (parallel),<class 'numpy.uint32'>,100000000,9.612562188080378,9.561959654092789,0.1949322617524708,400.0
MinMaxLTTB (parallel),<class 'numpy.uint32'>,200000000,18.411864978926523,18.343956023454666,0.16290239446833732,800.0
MinMaxLTTB (parallel),<class 'numpy.uint32'>,500000000,44.87532159047468,44.83981132507324,0.14496376122180366,2000.0
MinMaxLTTB (parallel),<class 'numpy.uint32'>,1000000000,88.93045953341893,88.90566937625408,0.10390451735354582,4000.0
MinMaxLTTB (parallel),<class 'numpy.uint32'>,2000000000,177.10530710007464,177.094054967165,0.10807794007824108,8000.0
MinMaxLTTB (parallel),<class 'numpy.uint32'>,5000000000,441.922182057585,441.928505897522,0.08293902391271611,20000.0
EveryNth,<class 'numpy.uint64'>,1000000,0.01563983304159982,0.014981627464294434,0.001188431789720233,8.0
EveryNth,<class 'numpy.uint64'>,10000000,0.012438052466937475,0.01200549304485321,0.001051962492844356,80.0
EveryNth,<class 'numpy.uint64'>,20000000,0.013606516378266471,0.013171136379241943,0.0011351630594808506,160.0
EveryNth,<class 'numpy.uint64'>,50000000,0.012882745691708155,0.012277066707611084,0.001496602201503825,400.0
EveryNth,<class 'numpy.uint64'>,100000000,0.02002263707774026,0.018925219774246216,0.0027983463371175636,800.0
EveryNth,<class 'numpy.uint64'>,200000000,0.01374392637184688,0.013133883476257324,0.0015159567341107552,1600.0
EveryNth,<class 'numpy.uint64'>,500000000,0.020850503018924167,0.019763782620429993,0.001978040062514631,4000.0
EveryNth,<class 'numpy.uint64'>,1000000000,0.012655556201934814,0.012101978063583374,0.0013746410763761127,8000.0
EveryNth,<class 'numpy.uint64'>,2000000000,0.013600609132221766,0.012974441051483154,0.001540103705569823,16000.0
EveryNth,<class 'numpy.uint64'>,5000000000,0.023003348282405307,0.021301209926605225,0.004197897445979134,40000.0
LTTB [TSD],<class 'numpy.uint64'>,1000000,3.784719482064247,3.7668809294700623,0.04342731011991545,8.0
LTTB [TSD],<class 'numpy.uint64'>,10000000,33.893869125417304,35.37595979869366,3.6804954694659737,80.0
LTTB [TSD],<class 'numpy.uint64'>,20000000,61.38841696083546,57.233745232224464,7.347119010803387,160.0
LTTB [TSD],<class 'numpy.uint64'>,50000000,162.60304945920194,163.4637203067541,1.3338953705974064,400.0
LTTB [TSD],<class 'numpy.uint64'>,100000000,290.68980972681726,276.3986613601446,23.102590292604287,800.0
LTTB [TSD],<class 'numpy.uint64'>,200000000,558.2332398742437,553.6068707704544,11.370510632402837,1600.0
LTTB [TSD],<class 'numpy.uint64'>,500000000,1385.6868253222533,1384.8852753639221,1.7444135184892897,4000.0
LTTB [TSD],<class 'numpy.uint64'>,1000000000,2810.5251241475344,2817.3285737633705,25.216019679291943,8000.0
LTTB [TSD],<class 'numpy.uint64'>,2000000000,5744.913088157773,5676.495480909944,157.0982969218436,16000.0
LTTB [TSD],<class 'numpy.uint64'>,5000000000,15073.752827942371,15003.299686685205,204.5436028963552,40000.0
M4,<class 'numpy.uint64'>,1000000,1.8550145306757517,1.8525995314121246,0.005652948580628491,8.0
M4,<class 'numpy.uint64'>,10000000,14.629598494086947,14.685476571321487,0.12119193473382615,80.0
M4,<class 'numpy.uint64'>,20000000,30.79557189983981,30.56110106408596,0.5368380801655208,160.0
M4,<class 'numpy.uint64'>,50000000,79.94824328592846,79.45989966392517,0.6797070922713414,400.0
M4,<class 'numpy.uint64'>,100000000,140.31603655644827,140.69956503808498,0.9880687200265048,800.0
M4,<class 'numpy.uint64'>,200000000,281.62169648068294,280.3718250244856,2.776103909307394,1600.0
M4,<class 'numpy.uint64'>,500000000,710.9314749815634,704.8893362283707,14.785402242954575,4000.0
M4,<class 'numpy.uint64'>,1000000000,1430.6729317775794,1403.8433387875557,41.767730044851064,8000.0
M4,<class 'numpy.uint64'>,2000000000,2813.1356344159162,2797.980146110058,31.94630009382964,16000.0
M4,<class 'numpy.uint64'>,5000000000,7369.872509049518,7349.309050291777,82.97186184073198,40000.0
M4 (parallel),<class 'numpy.uint64'>,1000000,0.4693598619529179,0.40079206228256226,0.1310242959597531,8.0
M4 (parallel),<class 'numpy.uint64'>,10000000,2.1314420870372226,2.1134160459041595,0.06331612778928207,80.0
M4 (parallel),<class 'numpy.uint64'>,20000000,4.0360119725976675,4.023227840662003,0.09013546900293085,160.0
M4 (parallel),<class 'numpy.uint64'>,50000000,9.336442660008158,9.217092394828796,0.27158234955526744,400.0
M4 (parallel),<class 'numpy.uint64'>,100000000,18.241425763283456,18.190814182162285,0.12169365122048215,800.0
M4 (parallel),<class 'numpy.uint64'>,200000000,35.82227442945753,35.76697334647179,0.12601848538291438,1600.0
M4 (parallel),<class 'numpy.uint64'>,500000000,88.94877657294273,88.86725828051567,0.2044922630221654,4000.0
M4 (parallel),<class 'numpy.uint64'>,1000000000,177.03731544315815,176.98614224791527,0.12514354143640644,8000.0
M4 (parallel),<class 'numpy.uint64'>,2000000000,353.52684605334485,353.433271124959,0.19166821675098078,16000.0
M4 (parallel),<class 'numpy.uint64'>,5000000000,882.7191825423922,882.7100649476051,0.16004238085387854,40000.0
MinMax,<class 'numpy.uint64'>,1000000,1.935109602553504,1.8684826791286469,0.1636002687178654,8.0
MinMax,<class 'numpy.uint64'>,10000000,14.748599114162582,13.898269087076187,1.5009948348005304,80.0
MinMax,<class 'numpy.uint64'>,20000000,27.523727821452276,27.46637985110283,0.14930339964158082,160.0
MinMax,<class 'numpy.uint64'>,50000000,79.52600552567414,79.44704033434391,0.19565383594303384,400.0
MinMax,<class 'numpy.uint64'>,100000000,141.31775610148907,137.3110268265009,8.281135945896223,800.0
MinMax,<class 'numpy.uint64'>,200000000,273.45932743379046,273.4240870922804,0.10472190308434003,1600.0
MinMax,<class 'numpy.uint64'>,500000000,683.2989690559251,683.2277193665504,0.21949391937599175,4000.0
MinMax,<class 'numpy.uint64'>,1000000000,1390.4501137456723,1380.9041742235422,27.191561411672446,8000.0
MinMax,<class 'numpy.uint64'>,2000000000,2767.617616802454,2765.6503181904554,33.9035624825327,16000.0
MinMax,<class 'numpy.uint64'>,5000000000,7305.282697507313,7324.430027604103,49.912423663452834,40000.0
MinMax (parallel),<class 'numpy.uint64'>,1000000,0.5189690738916397,0.4227619618177414,0.21085304249297085,8.0
MinMax (parallel),<class 'numpy.uint64'>,10000000,2.209509483405522,2.1529991179704666,0.1615166364006873,80.0
MinMax (parallel),<class 'numpy.uint64'>,20000000,4.091570207050869,3.9755433797836304,0.249278437877305,160.0
MinMax (parallel),<class 'numpy.uint64'>,50000000,9.365587468658175,9.230302274227142,0.28870258116787084,400.0
MinMax (parallel),<class 'numpy.uint64'>,100000000,18.532158327954157,18.212785944342613,0.7399166375982977,800.0
MinMax (parallel),<class 'numpy.uint64'>,200000000,36.39004986201014,35.826176404953,1.380017232911864,1600.0
MinMax (parallel),<class 'numpy.uint64'>,500000000,90.2473371475935,88.9149896800518,3.252406642136775,4000.0
MinMax (parallel),<class 'numpy.uint64'>,1000000000,179.79685749326433,177.18980014324188,6.52590254941034,8000.0
MinMax (parallel),<class 'numpy.uint64'>,2000000000,359.08809059432576,353.6673706024885,13.312215968303533,16000.0
MinMax (parallel),<class 'numpy.uint64'>,5000000000,887.045015554343,882.5381707400084,10.555176856739982,40000.0
MinMaxLTTB,<class 'numpy.uint64'>,1000000,2.142913905637605,2.1410945802927017,0.00406058062199568,8.0
MinMaxLTTB,<class 'numpy.uint64'>,10000000,14.260529513869967,14.174603670835495,0.2153367322921432,80.0
MinMaxLTTB,<class 'numpy.uint64'>,20000000,29.01070165847029,29.120297729969025,0.2776783807084109,160.0
MinMaxLTTB,<class 'numpy.uint64'>,50000000,72.02152136181083,69.46811862289906,4.097010418788989,400.0
MinMaxLTTB,<class 'numpy.uint64'>,100000000,141.16324574819632,140.87129719555378,0.9903418712562557,800.0
MinMaxLTTB,<class 'numpy.uint64'>,200000000,282.178410249097,280.74537068605423,3.606666115839797,1600.0
MinMaxLTTB,<class 'numpy.uint64'>,500000000,702.4458621229444,702.648364752531,3.555645377118919,4000.0
MinMaxLTTB,<class 'numpy.uint64'>,1000000000,1414.7230282958064,1402.9503297060728,26.781341960633576,8000.0
MinMaxLTTB,<class 'numpy.uint64'>,2000000000,2807.5343095298326,2803.6865398287773,9.551877894796826,16000.0
MinMaxLTTB,<class 'numpy.uint64'>,5000000000,7374.984961269157,7307.62705616653,113.21758588693638,40000.0
MinMaxLTTB (parallel),<class 'numpy.uint64'>,1000000,0.667705333658627,0.6136253476142883,0.10957191786750776,8.0
MinMaxLTTB (parallel),<class 'numpy.uint64'>,10000000,2.428720093199185,2.4172157049179077,0.10954378700817968,80.0
MinMaxLTTB (parallel),<class 'numpy.uint64'>,20000000,4.2548097137893945,4.187386855483055,0.10584267660818632,160.0
MinMaxLTTB (parallel),<class 'numpy.uint64'>,50000000,9.770602945770536,9.588516131043434,0.4411596850060067,400.0
MinMaxLTTB (parallel),<class 'numpy.uint64'>,100000000,18.442361376115255,18.355880677700043,0.14034525678711932,800.0
MinMaxLTTB (parallel),<class 'numpy.uint64'>,200000000,36.052560593400685,35.991983860731125,0.1602731397536156,1600.0
MinMaxLTTB (parallel),<class 'numpy.uint64'>,500000000,88.9648072953735,88.92926089465618,0.12602037728341745,4000.0
MinMaxLTTB (parallel),<class 'numpy.uint64'>,1000000000,177.28212827018328,177.24701799452305,0.10265927084538364,8000.0
MinMaxLTTB (parallel),<class 'numpy.uint64'>,2000000000,353.7357377686671,353.6942783743143,0.1387217062012238,16000.0
MinMaxLTTB (parallel),<class 'numpy.uint64'>,5000000000,882.0356249809265,882.0788390934467,0.20419565520881805,40000.0
EveryNth,<class 'numpy.uint8'>,1000000,0.016527516501290456,0.015605241060256958,0.0022429908824566276,1.0
EveryNth,<class 'numpy.uint8'>,10000000,0.023526911224637712,0.022074952721595764,0.0035793629549501975,10.0
EveryNth,<class 'numpy.uint8'>,20000000,0.022016252790178572,0.02144835889339447,0.0012046718581440736,20.0
EveryNth,<class 'numpy.uint8'>,50000000,0.013473949262074061,0.013161450624465942,0.000913545885022074,50.0
EveryNth,<class 'numpy.uint8'>,100000000,0.021360122731753757,0.020691752433776855,0.0016154626705487292,100.0
EveryNth,<class 'numpy.uint8'>,200000000,0.013417857033865792,0.012709200382232666,0.001359761675312949,200.0
EveryNth,<class 'numpy.uint8'>,500000000,0.013199395367077418,0.012703239917755127,0.0012433716615617041,500.0
EveryNth,<class 'numpy.uint8'>,1000000000,0.012915581464767456,0.012318789958953857,0.001426036135276607,1000.0
EveryNth,<class 'numpy.uint8'>,2000000000,0.02046429685183934,0.019629672169685364,0.0021404121220684295,2000.0
EveryNth,<class 'numpy.uint8'>,5000000000,0.013863880719457353,0.013223662972450256,0.0015712551364973583,5000.0
LTTB [TSD],<class 'numpy.uint8'>,1000000,3.585463230098997,3.4248556941747665,0.2146087388919021,1.0
LTTB [TSD],<class 'numpy.uint8'>,10000000,24.44243138389928,24.518848955631256,0.2716722530466584,10.0
LTTB [TSD],<class 'numpy.uint8'>,20000000,62.865467954959186,62.80749775469303,0.16550986716730845,20.0
LTTB [TSD],<class 'numpy.uint8'>,50000000,132.4535412447793,123.473746702075,15.980234613090964,50.0
LTTB [TSD],<class 'numpy.uint8'>,100000000,243.33004163844245,243.15425232052803,1.8136431761352452,100.0
LTTB [TSD],<class 'numpy.uint8'>,200000000,513.9335141650268,491.74033030867577,41.795584324440206,200.0
LTTB [TSD],<class 'numpy.uint8'>,500000000,1222.945363287415,1202.770559117198,34.39189070285285,500.0
LTTB [TSD],<class 'numpy.uint8'>,1000000000,2382.4620262320555,2384.0889926999807,2.982754102259931,1000.0
LTTB [TSD],<class 'numpy.uint8'>,2000000000,4785.5798800608945,4774.390924721956,40.796381897705274,2000.0
LTTB [TSD],<class 'numpy.uint8'>,5000000000,12192.45610253087,12233.709242194891,117.17373677023403,5000.0
M4,<class 'numpy.uint8'>,1000000,0.4326429218053818,0.3927621990442276,0.06527334586201872,1.0
M4,<class 'numpy.uint8'>,10000000,2.079423357333456,2.0765315741300583,0.007131886684731486,10.0
M4,<class 'numpy.uint8'>,20000000,4.056180428181376,4.054919630289078,0.003913057711519258,20.0
M4,<class 'numpy.uint8'>,50000000,8.885319158434868,8.212447538971901,1.024359532678401,50.0
M4,<class 'numpy.uint8'>,100000000,15.997192529695374,15.968763455748558,0.2562071784426061,100.0
M4,<class 'numpy.uint8'>,200000000,31.055473908782005,31.077535077929497,0.11290145717616691,200.0
M4,<class 'numpy.uint8'>,500000000,78.81068427647863,78.32730859518051,0.7224641619133783,500.0
M4,<class 'numpy.uint8'>,1000000000,155.66777288913727,155.67507073283195,1.33181528091675,1000.0
M4,<class 'numpy.uint8'>,2000000000,311.8468716740608,311.48950569331646,2.832688866989289,2000.0
M4,<class 'numpy.uint8'>,5000000000,781.5200193652084,776.2867636978626,16.504677324352603,5000.0
M4 (parallel),<class 'numpy.uint8'>,1000000,0.5022943019866943,0.44236481189727783,0.10426295743827343,1.0
M4 (parallel),<class 'numpy.uint8'>,10000000,0.6442571324961526,0.5238212645053864,0.2632168542926743,10.0
M4 (parallel),<class 'numpy.uint8'>,20000000,0.7802782846348626,0.6767041981220245,0.23615293497779735,20.0
M4 (parallel),<class 'numpy.uint8'>,50000000,1.4096102544239588,1.3996969908475876,0.061828672948258744,50.0
M4 (parallel),<class 'numpy.uint8'>,100000000,2.71155232829707,2.7005594223737717,0.11197495036484803,100.0
M4 (parallel),<class 'numpy.uint8'>,200000000,5.011338580931936,4.936789721250534,0.12811451407095598,200.0
M4 (parallel),<class 'numpy.uint8'>,500000000,11.651361254709107,11.6275854408741,0.11746253728912245,500.0
M4 (parallel),<class 'numpy.uint8'>,1000000000,22.770777025393077,22.729351371526718,0.09279064593666292,1000.0
M4 (parallel),<class 'numpy.uint8'>,2000000000,44.786383318049566,44.706301391124725,0.15860222098507437,2000.0
M4 (parallel),<class 'numpy.uint8'>,5000000000,110.95522870974881,110.84227450191975,0.2898783979260041,5000.0
MinMax,<class 'numpy.uint8'>,1000000,0.5200303026608059,0.46702995896339417,0.08469030380255699,1.0
MinMax,<class 'numpy.uint8'>,10000000,1.650548673101834,1.6056865453720093,0.12668602496713638,10.0
MinMax,<class 'numpy.uint8'>,20000000,4.052468176398959,3.978182375431061,0.18238051174927605,20.0
MinMax,<class 'numpy.uint8'>,50000000,7.57083355316094,7.51257985830307,0.135899285491119,50.0
MinMax,<class 'numpy.uint8'>,100000000,15.155982013259615,15.009038150310516,0.18251070454835205,100.0
MinMax,<class 'numpy.uint8'>,200000000,31.785052003605024,29.180454835295677,4.060539441844899,200.0
MinMax,<class 'numpy.uint8'>,500000000,73.50080045206207,73.9008191972971,0.5312778205044737,500.0
MinMax,<class 'numpy.uint8'>,1000000000,147.5442563848836,147.6666171103716,0.3452175005209016,1000.0
MinMax,<class 'numpy.uint8'>,2000000000,293.41365301183293,293.4681713581085,0.09099735446783688,2000.0
MinMax,<class 'numpy.uint8'>,5000000000,732.5399985803025,732.5395248830318,0.06918695145382843,5000.0
MinMax (parallel),<class 'numpy.uint8'>,1000000,0.5545248942715781,0.4760291427373886,0.15363883546231538,1.0
MinMax (parallel),<class 'numpy.uint8'>,10000000,0.6256008254630225,0.5342274904251099,0.22510983072563379,10.0
MinMax (parallel),<class 'numpy.uint8'>,20000000,0.7070313074759075,0.640946626663208,0.16008151222182837,20.0
MinMax (parallel),<class 'numpy.uint8'>,50000000,1.4585712658507484,1.3824213296175003,0.18377198677632262,50.0
MinMax (parallel),<class 'numpy.uint8'>,100000000,2.8359080531767438,2.7779050171375275,0.24008307258365094,100.0
MinMax (parallel),<class 'numpy.uint8'>,200000000,5.053781345486641,4.93922159075737,0.24787015792430456,200.0
MinMax (parallel),<class 'numpy.uint8'>,500000000,11.788832449487277,11.562030017375946,0.5610183288789327,500.0
MinMax (parallel),<class 'numpy.uint8'>,1000000000,22.983076263751304,22.6201131939888,0.9078839744947039,1000.0
MinMax (parallel),<class 'numpy.uint8'>,2000000000,45.479497739246916,44.8066383600235,1.6825490287093767,2000.0
MinMax (parallel),<class 'numpy.uint8'>,5000000000,112.71659497703824,111.03916689753532,4.127469951552161,5000.0
MinMaxLTTB,<class 'numpy.uint8'>,1000000,0.9087218237774712,0.9064562618732452,0.005012142649844706,1.0
MinMaxLTTB,<class 'numpy.uint8'>,10000000,2.7308440634182523,2.64950729906559,0.19719477274608085,10.0
MinMaxLTTB,<class 'numpy.uint8'>,20000000,4.718151316046715,4.834158718585968,0.30979787381400303,20.0
MinMaxLTTB,<class 'numpy.uint8'>,50000000,11.82367242872715,11.429981142282486,0.8290776553925155,50.0
MinMaxLTTB,<class 'numpy.uint8'>,100000000,18.868276796170644,18.861299008131027,0.024555466791292682,100.0
MinMaxLTTB,<class 'numpy.uint8'>,200000000,32.64263485159193,32.46197998523712,0.30256132108997136,200.0
MinMaxLTTB,<class 'numpy.uint8'>,500000000,83.06210674345493,82.49534666538239,0.9579113604442945,500.0
MinMaxLTTB,<class 'numpy.uint8'>,1000000000,160.929258699928,160.7695959508419,2.1181657345851432,1000.0
MinMaxLTTB,<class 'numpy.uint8'>,2000000000,320.3566873180015,319.0816957503557,2.8809264702913824,2000.0
MinMaxLTTB,<class 'numpy.uint8'>,5000000000,795.6801619912897,793.2758215814829,8.917988783325752,5000.0
MinMaxLTTB (parallel),<class 'numpy.uint8'>,1000000,0.7963471646819796,0.7361896336078644,0.17670672801402365,1.0
MinMaxLTTB (parallel),<class 'numpy.uint8'>,10000000,0.856588248695646,0.7727209478616714,0.21432319802462382,10.0
MinMaxLTTB (parallel),<class 'numpy.uint8'>,20000000,0.9209732924188886,0.87871253490448,0.10059265344481007,20.0
MinMaxLTTB (parallel),<class 'numpy.uint8'>,50000000,1.6639547156436103,1.63503997027874,0.09574409858958387,50.0
MinMaxLTTB (parallel),<class 'numpy.uint8'>,100000000,2.9804036553416933,2.9615316540002823,0.05577556443764312,100.0
MinMaxLTTB (parallel),<class 'numpy.uint8'>,200000000,5.3055652018104285,5.2895404398441315,0.04767245102187294,200.0
MinMaxLTTB (parallel),<class 'numpy.uint8'>,500000000,11.870823268379484,11.822041869163513,0.1516948484749565,500.0
MinMaxLTTB (parallel),<class 'numpy.uint8'>,1000000000,22.840777412056923,22.791799157857895,0.10554924775480248,1000.0
MinMaxLTTB (parallel),<class 'numpy.uint8'>,2000000000,44.94401860449995,44.85499560832977,0.14262633063044275,2000.0
MinMaxLTTB (parallel),<class 'numpy.uint8'>,5000000000,111.12373088087354,111.07936203479767,0.11549385995865372,5000.0
